player_id,player_name,position,week,training_distance_m,training_hsr_m,training_sprint_m,training_load_au,training_accelerations,training_decelerations,peak_training_speed_kmh,peak_training_pct_vmax,snapshot_date,md1_wellness,load_7d_au,load_28d_au,distance_7d_m,hsr_7d_m,sprint_7d_m,load_ratio_7_28_context,days_since_85_pct_vmax,days_since_90_pct_vmax,days_since_95_pct_vmax,baseline_training_distance_m,baseline_training_hsr_m,baseline_training_sprint_m,baseline_training_load_au,baseline_peak_pct_vmax,baseline_accelerations,baseline_decelerations,baseline_md1_wellness,vmax_kmh,match_total_distance_m,match_hsr_m,match_sprint_distance_m,match_accelerations,match_decelerations,distance_vs_baseline,hsr_vs_baseline,sprint_vs_baseline,load_vs_baseline,training_to_match_hsr,training_to_match_sprint,peak_speed_vs_player_vmax,wellness_delta,load_context,training_context,context_note,planned_reduction,preparation_alignment,exposure_index,monitoring_status,monitoring_reasons
P01,Player 01,CB,1,20438.0,856.0,128.0,1454.0,67.0,74.0,29.26,90.7,2026-07-24,75.0,1454.0,1454.0,20438.0,856.0,128.0,,2.0,2.0,,21101.0,856.0,128.0,1362.0,90.7,71.0,74.0,79.0,32.24,9290.0,456.0,98.0,29.0,29.0,0.97,1.0,1.0,1.07,1.88,1.31,0.91,-4.0,Typical,Full training,Normal squad training plan,False,100.0,100.0,Baseline,Baseline acquisition period
P01,Player 01,CB,2,21486.0,791.0,123.0,1307.0,71.0,69.0,30.82,95.6,2026-07-31,83.0,1650.0,3104.0,28120.0,994.0,149.0,,1.0,2.0,2.0,21101.0,856.0,128.0,1362.0,90.7,71.0,74.0,79.0,32.24,9290.0,456.0,98.0,29.0,29.0,1.02,0.92,0.96,0.96,1.73,1.26,0.96,4.0,Typical,Full training,Normal squad training plan,False,96.0,96.0,Baseline,Baseline acquisition period
P01,Player 01,CB,3,21101.0,908.0,130.0,1362.0,79.0,77.0,28.23,87.6,2026-08-07,79.0,2233.0,5337.0,32767.0,1408.0,232.0,,2.0,6.0,9.0,21101.0,856.0,128.0,1362.0,90.7,71.0,74.0,79.0,32.24,9290.0,456.0,98.0,29.0,29.0,1.0,1.06,1.02,1.0,1.99,1.33,0.88,0.0,Typical,Full training,Normal squad training plan,False,97.0,97.0,Baseline,Baseline acquisition period
P01,Player 01,CB,4,20013.0,865.0,124.0,1369.0,77.0,77.0,31.25,96.9,2026-08-14,75.0,1625.0,6962.0,25234.0,1095.0,164.0,,2.0,2.0,2.0,21101.0,856.0,128.0,1362.0,90.7,71.0,74.0,79.0,32.24,9290.0,456.0,98.0,29.0,29.0,0.95,1.01,0.97,1.01,1.9,1.27,0.97,-4.0,Typical,Full training,Normal squad training plan,False,98.0,98.0,Ready,Exposure aligned with individual baseline
P01,Player 01,CB,5,20797.0,728.0,172.0,1366.0,77.0,80.0,29.6,91.8,2026-08-21,77.0,2087.0,7595.0,30809.0,1201.0,276.0,1.1,2.0,2.0,9.0,21101.0,856.0,128.0,1362.0,90.7,71.0,74.0,79.0,32.24,9290.0,456.0,98.0,29.0,29.0,0.99,0.85,1.34,1.0,1.6,1.76,0.92,-2.0,Typical,Full training,Normal squad training plan,False,79.0,79.0,Ready,Exposure aligned with individual baseline
P01,Player 01,CB,6,21177.0,917.0,111.0,1347.0,75.0,73.0,28.02,86.9,2026-08-28,78.0,2236.0,8181.0,32743.0,1310.0,206.0,1.09,2.0,6.0,6.0,21101.0,856.0,128.0,1362.0,90.7,71.0,74.0,79.0,32.24,9290.0,456.0,98.0,29.0,29.0,1.0,1.07,0.87,0.99,2.01,1.13,0.87,-1.0,Typical,Full training,Normal squad training plan,False,91.0,91.0,Ready,Exposure aligned with individual baseline
P01,Player 01,CB,7,20306.0,1044.0,138.0,1509.0,79.0,78.0,28.51,88.4,2026-09-04,73.0,1815.0,7763.0,26686.0,1220.0,170.0,0.94,1.0,13.0,13.0,21101.0,856.0,128.0,1362.0,90.7,71.0,74.0,79.0,32.24,9290.0,456.0,98.0,29.0,29.0,0.96,1.22,1.08,1.11,2.29,1.41,0.88,-6.0,Typical,Full training,Normal squad training plan,False,90.0,90.0,Monitor,Limited recent >90% Vmax exposure
P01,Player 01,CB,8,19762.0,938.0,144.0,1505.0,73.0,71.0,27.61,85.6,2026-09-11,76.0,1677.0,7815.0,23300.0,992.0,163.0,0.86,2.0,20.0,20.0,21101.0,856.0,128.0,1362.0,90.7,71.0,74.0,79.0,32.24,9290.0,456.0,98.0,29.0,29.0,0.94,1.1,1.12,1.1,2.06,1.47,0.86,-3.0,Typical,Full training,Normal squad training plan,False,90.0,90.0,Monitor,Limited recent >90% Vmax exposure
P02,Player 02,CB,1,20033.0,842.0,108.0,1410.0,92.0,85.0,27.47,85.6,2026-07-24,84.0,1410.0,1410.0,20033.0,842.0,108.0,,2.0,,,21949.0,842.0,123.0,1410.0,86.3,92.0,82.0,81.0,32.1,9645.0,429.0,82.0,36.0,34.0,0.91,1.0,0.88,1.0,1.96,1.32,0.86,3.0,Typical,Full training,Normal squad training plan,False,93.0,93.0,Baseline,Baseline acquisition period
P02,Player 02,CB,2,21949.0,842.0,130.0,1115.0,94.0,82.0,27.71,86.3,2026-07-31,81.0,1885.0,3295.0,33690.0,1314.0,224.0,,2.0,6.0,6.0,21949.0,842.0,123.0,1410.0,86.3,92.0,82.0,81.0,32.1,9645.0,429.0,82.0,36.0,34.0,1.0,1.0,1.06,0.79,1.96,1.59,0.86,0.0,Typical,Full training,Normal squad training plan,False,96.0,96.0,Baseline,Baseline acquisition period
P02,Player 02,CB,3,22533.0,841.0,123.0,1470.0,92.0,81.0,29.27,91.2,2026-08-07,78.0,1801.0,5096.0,29418.0,1015.0,147.0,,2.0,2.0,13.0,21949.0,842.0,123.0,1410.0,86.3,92.0,82.0,81.0,32.1,9645.0,429.0,82.0,36.0,34.0,1.03,1.0,1.0,1.04,1.96,1.5,0.91,-3.0,Typical,Full training,Normal squad training plan,False,100.0,100.0,Baseline,Baseline acquisition period
P02,Player 02,CB,4,19844.0,788.0,114.0,1310.0,86.0,87.0,28.72,89.5,2026-08-14,78.0,2217.0,7313.0,31086.0,1219.0,191.0,,2.0,6.0,6.0,21949.0,842.0,123.0,1410.0,86.3,92.0,82.0,81.0,32.1,9645.0,429.0,82.0,36.0,34.0,0.9,0.94,0.93,0.93,1.84,1.39,0.89,-3.0,Typical,Full training,Normal squad training plan,False,95.0,95.0,Ready,Exposure aligned with individual baseline
P02,Player 02,CB,5,22479.0,805.0,112.0,1268.0,87.0,85.0,28.61,89.1,2026-08-21,74.0,1570.0,7473.0,29219.0,992.0,137.0,0.84,1.0,13.0,13.0,21949.0,842.0,123.0,1410.0,86.3,92.0,82.0,81.0,32.1,9645.0,429.0,82.0,36.0,34.0,1.02,0.96,0.91,0.9,1.88,1.37,0.89,-7.0,Typical,Full training,Normal squad training plan,False,94.0,94.0,Monitor,Limited recent >90% Vmax exposure
P02,Player 02,CB,6,22957.0,838.0,124.0,1396.0,88.0,85.0,29.28,91.2,2026-08-28,85.0,1650.0,7238.0,27165.0,985.0,148.0,0.91,1.0,2.0,20.0,21949.0,842.0,123.0,1410.0,86.3,92.0,82.0,81.0,32.1,9645.0,429.0,82.0,36.0,34.0,1.05,1.0,1.01,0.99,1.95,1.51,0.91,4.0,Typical,Full training,Normal squad training plan,False,99.0,99.0,Ready,Exposure aligned with individual baseline
P02,Player 02,CB,7,20958.0,919.0,119.0,1436.0,97.0,99.0,27.45,85.5,2026-09-04,80.0,1783.0,7220.0,27322.0,1110.0,175.0,0.99,2.0,9.0,27.0,21949.0,842.0,123.0,1410.0,86.3,92.0,82.0,81.0,32.1,9645.0,429.0,82.0,36.0,34.0,0.95,1.09,0.97,1.02,2.14,1.45,0.86,-1.0,Typical,Full training,Normal squad training plan,False,95.0,95.0,Ready,Exposure aligned with individual baseline
P02,Player 02,CB,8,23404.0,841.0,115.0,1381.0,90.0,85.0,31.79,99.0,2026-09-11,86.0,1675.0,6678.0,29394.0,1030.0,138.0,1.0,2.0,2.0,2.0,21949.0,842.0,123.0,1410.0,86.3,92.0,82.0,81.0,32.1,9645.0,429.0,82.0,36.0,34.0,1.07,1.0,0.93,0.98,1.96,1.4,0.99,5.0,Typical,Full training,Normal squad training plan,False,97.0,97.0,Ready,Exposure aligned with individual baseline
P03,Player 03,CB,1,23570.0,736.0,115.0,1344.0,98.0,80.0,29.85,93.2,2026-07-24,70.0,1344.0,1344.0,23570.0,736.0,115.0,,2.0,2.0,,23458.0,854.0,106.0,1567.0,93.2,81.0,78.0,70.0,32.05,10352.0,446.0,82.0,35.0,30.0,1.0,0.86,1.08,0.86,1.65,1.4,0.93,0.0,Typical,Full training,Normal squad training plan,False,92.0,92.0,Baseline,Baseline acquisition period
P03,Player 03,CB,2,23458.0,854.0,101.0,1578.0,81.0,78.0,28.67,89.4,2026-07-31,70.0,1925.0,3269.0,30232.0,1010.0,131.0,,2.0,9.0,,23458.0,854.0,106.0,1567.0,93.2,81.0,78.0,70.0,32.05,10352.0,446.0,82.0,35.0,30.0,1.0,1.0,0.95,1.01,1.91,1.23,0.89,0.0,Typical,Full training,Normal squad training plan,False,97.0,97.0,Baseline,Baseline acquisition period
P03,Player 03,CB,3,22622.0,937.0,106.0,1567.0,78.0,74.0,30.79,96.1,2026-08-07,75.0,1838.0,5107.0,29887.0,1161.0,136.0,,2.0,2.0,2.0,23458.0,854.0,106.0,1567.0,93.2,81.0,78.0,70.0,32.05,10352.0,446.0,82.0,35.0,30.0,0.96,1.1,1.0,1.0,2.1,1.29,0.96,5.0,Typical,Full training,Normal squad training plan,False,98.0,98.0,Baseline,Baseline acquisition period
P03,Player 03,CB,4,22618.0,790.0,122.0,1394.0,78.0,76.0,31.49,98.3,2026-08-14,75.0,1730.0,6837.0,29690.0,970.0,147.0,,2.0,2.0,2.0,23458.0,854.0,106.0,1567.0,93.2,81.0,78.0,70.0,32.05,10352.0,446.0,82.0,35.0,30.0,0.96,0.93,1.15,0.89,1.77,1.49,0.98,5.0,Typical,Full training,Normal squad training plan,False,91.0,91.0,Ready,Exposure aligned with individual baseline
P03,Player 03,CB,5,23011.0,905.0,126.0,1346.0,89.0,73.0,30.63,95.6,2026-08-21,78.0,1578.0,7071.0,28606.0,1026.0,151.0,0.89,2.0,2.0,2.0,23458.0,854.0,106.0,1567.0,93.2,81.0,78.0,70.0,32.05,10352.0,446.0,82.0,35.0,30.0,0.98,1.06,1.19,0.86,2.03,1.54,0.96,8.0,Typical,Full training,Normal squad training plan,False,89.0,89.0,Ready,Exposure aligned with individual baseline
P03,Player 03,CB,6,21857.0,912.0,111.0,1397.0,84.0,80.0,28.55,89.1,2026-08-28,77.0,1738.0,6884.0,29833.0,1114.0,135.0,1.01,2.0,9.0,9.0,23458.0,854.0,106.0,1567.0,93.2,81.0,78.0,70.0,32.05,10352.0,446.0,82.0,35.0,30.0,0.93,1.07,1.05,0.89,2.04,1.35,0.89,7.0,Typical,Full training,Normal squad training plan,False,96.0,96.0,Ready,Exposure aligned with individual baseline
P03,Player 03,CB,7,23207.0,884.0,137.0,1400.0,83.0,69.0,29.55,92.2,2026-09-04,80.0,1708.0,6754.0,30489.0,1075.0,155.0,1.01,2.0,2.0,16.0,23458.0,854.0,106.0,1567.0,93.2,81.0,78.0,70.0,32.05,10352.0,446.0,82.0,35.0,30.0,0.99,1.04,1.29,0.89,1.98,1.67,0.92,10.0,Typical,Full training,Normal squad training plan,False,84.0,84.0,Ready,Exposure aligned with individual baseline
P03,Player 03,CB,8,23224.0,878.0,112.0,1430.0,86.0,80.0,29.54,92.2,2026-09-11,83.0,2078.0,7102.0,34033.0,1183.0,182.0,1.17,2.0,2.0,6.0,23458.0,854.0,106.0,1567.0,93.2,81.0,78.0,70.0,32.05,10352.0,446.0,82.0,35.0,30.0,0.99,1.03,1.06,0.91,1.97,1.37,0.92,13.0,Typical,Full training,Normal squad training plan,False,96.0,96.0,Ready,Exposure aligned with individual baseline
P04,Player 04,CB,1,22847.0,688.0,138.0,1467.0,99.0,82.0,30.52,93.3,2026-07-24,83.0,1467.0,1467.0,22847.0,688.0,138.0,,2.0,2.0,,22157.0,869.0,137.0,1467.0,93.3,95.0,81.0,83.0,32.7,9776.0,424.0,84.0,37.0,32.0,1.03,0.79,1.01,1.0,1.62,1.64,0.93,0.0,Typical,Full training,Normal squad training plan,False,94.0,94.0,Baseline,Baseline acquisition period
P04,Player 04,CB,2,22157.0,869.0,137.0,1355.0,92.0,81.0,31.38,96.0,2026-07-31,78.0,2018.0,3485.0,34437.0,1334.0,230.0,,2.0,2.0,2.0,22157.0,869.0,137.0,1467.0,93.3,95.0,81.0,83.0,32.7,9776.0,424.0,84.0,37.0,32.0,1.0,1.0,1.0,0.92,2.05,1.63,0.96,-5.0,Typical,Full training,Normal squad training plan,False,100.0,100.0,Baseline,Baseline acquisition period
P04,Player 04,CB,3,21702.0,900.0,135.0,1539.0,95.0,80.0,30.21,92.4,2026-08-07,83.0,2274.0,5759.0,32684.0,1231.0,215.0,,2.0,2.0,6.0,22157.0,869.0,137.0,1467.0,93.3,95.0,81.0,83.0,32.7,9776.0,424.0,84.0,37.0,32.0,0.98,1.04,0.99,1.05,2.12,1.61,0.92,0.0,Typical,Full training,Normal squad training plan,False,98.0,98.0,Baseline,Baseline acquisition period
P04,Player 04,CB,4,22007.0,831.0,113.0,1283.0,91.0,79.0,32.88,100.6,2026-08-14,76.0,2109.0,7868.0,34907.0,1301.0,209.0,,2.0,2.0,2.0,22157.0,869.0,137.0,1467.0,93.3,95.0,81.0,83.0,32.7,9776.0,424.0,84.0,37.0,32.0,0.99,0.96,0.82,0.87,1.96,1.35,1.01,-7.0,Typical,Full training,Normal squad training plan,False,90.0,90.0,Monitor,Reduced sprint exposure
P04,Player 04,CB,5,22249.0,809.0,140.0,1369.0,99.0,79.0,29.64,90.6,2026-08-21,80.0,2235.0,8636.0,34696.0,1220.0,237.0,1.04,2.0,2.0,9.0,22157.0,869.0,137.0,1467.0,93.3,95.0,81.0,83.0,32.7,9776.0,424.0,84.0,37.0,32.0,1.0,0.93,1.02,0.93,1.91,1.67,0.91,-3.0,Typical,Full training,Normal squad training plan,False,97.0,97.0,Ready,Exposure aligned with individual baseline
P04,Player 04,CB,6,22694.0,726.0,132.0,1395.0,94.0,90.0,29.37,89.8,2026-08-28,83.0,1537.0,8155.0,25789.0,796.0,137.0,0.75,2.0,6.0,16.0,22157.0,869.0,137.0,1467.0,93.3,95.0,81.0,83.0,32.7,9776.0,424.0,84.0,37.0,32.0,1.02,0.84,0.96,0.95,1.71,1.57,0.9,0.0,Typical,Full training,Normal squad training plan,False,94.0,94.0,Ready,Exposure aligned with individual baseline
P04,Player 04,CB,7,22339.0,841.0,114.0,1396.0,100.0,75.0,29.62,90.6,2026-09-04,81.0,2207.0,8088.0,35585.0,1307.0,186.0,1.09,2.0,2.0,23.0,22157.0,869.0,137.0,1467.0,93.3,95.0,81.0,83.0,32.7,9776.0,424.0,84.0,37.0,32.0,1.01,0.97,0.83,0.95,1.98,1.36,0.91,-2.0,Typical,Full training,Normal squad training plan,False,91.0,91.0,Monitor,Reduced sprint exposure
P04,Player 04,CB,8,21517.0,723.0,122.0,1300.0,99.0,83.0,29.38,89.8,2026-09-11,77.0,2009.0,7988.0,32594.0,1057.0,207.0,1.01,2.0,6.0,6.0,22157.0,869.0,137.0,1467.0,93.3,95.0,81.0,83.0,32.7,9776.0,424.0,84.0,37.0,32.0,0.97,0.83,0.89,0.89,1.71,1.45,0.9,-6.0,Typical,Full training,Normal squad training plan,False,90.0,90.0,Ready,Exposure aligned with individual baseline
P05,Player 05,CB,1,22492.0,965.0,144.0,1512.0,85.0,91.0,28.19,89.0,2026-07-24,72.0,1512.0,1512.0,22492.0,965.0,144.0,,2.0,,,22492.0,953.0,144.0,1451.0,89.0,88.0,88.0,72.0,31.66,9627.0,448.0,93.0,35.0,33.0,1.0,1.01,1.0,1.04,2.15,1.55,0.89,0.0,Typical,Full training,Normal squad training plan,False,99.0,99.0,Baseline,Baseline acquisition period
P05,Player 05,CB,2,20634.0,953.0,149.0,1447.0,88.0,88.0,28.7,90.7,2026-07-31,73.0,1762.0,3274.0,27172.0,1176.0,177.0,,2.0,2.0,,22492.0,953.0,144.0,1451.0,89.0,88.0,88.0,72.0,31.66,9627.0,448.0,93.0,35.0,33.0,0.92,1.0,1.03,1.0,2.13,1.6,0.91,1.0,Typical,Full training,Normal squad training plan,False,98.0,98.0,Baseline,Baseline acquisition period
P05,Player 05,CB,3,22808.0,909.0,144.0,1451.0,94.0,77.0,27.34,86.3,2026-08-07,72.0,1745.0,5019.0,29995.0,1114.0,162.0,,2.0,9.0,,22492.0,953.0,144.0,1451.0,89.0,88.0,88.0,72.0,31.66,9627.0,448.0,93.0,35.0,33.0,1.01,0.95,1.0,1.0,2.03,1.55,0.86,0.0,Typical,Full training,Normal squad training plan,False,98.0,98.0,Baseline,Baseline acquisition period
P05,Player 05,CB,4,21572.0,825.0,154.0,1200.0,102.0,83.0,27.66,87.4,2026-08-14,81.0,1489.0,6508.0,27397.0,1017.0,178.0,,2.0,16.0,,22492.0,953.0,144.0,1451.0,89.0,88.0,88.0,72.0,31.66,9627.0,448.0,93.0,35.0,33.0,0.96,0.87,1.07,0.83,1.84,1.66,0.87,9.0,Typical,Full training,Normal squad training plan,False,92.0,92.0,Monitor,Limited recent >90% Vmax exposure
P05,Player 05,CB,5,22992.0,937.0,123.0,1179.0,87.0,83.0,29.52,93.3,2026-08-21,85.0,1541.0,6537.0,29614.0,1122.0,153.0,0.94,2.0,2.0,,22492.0,953.0,144.0,1451.0,89.0,88.0,88.0,72.0,31.66,9627.0,448.0,93.0,35.0,33.0,1.02,0.98,0.85,0.81,2.09,1.32,0.93,13.0,Typical,Full training,Normal squad training plan,False,92.0,92.0,Ready,Exposure aligned with individual baseline
P05,Player 05,CB,6,22125.0,849.0,143.0,1528.0,91.0,80.0,28.39,89.7,2026-08-28,78.0,2235.0,7010.0,31967.0,1274.0,222.0,1.28,2.0,9.0,,22492.0,953.0,144.0,1451.0,89.0,88.0,88.0,72.0,31.66,9627.0,448.0,93.0,35.0,33.0,0.98,0.89,0.99,1.05,1.9,1.54,0.9,6.0,Typical,Full training,Normal squad training plan,False,97.0,97.0,Ready,Exposure aligned with individual baseline
P05,Player 05,CB,7,21246.0,885.0,138.0,1475.0,96.0,88.0,29.85,94.3,2026-09-04,77.0,2195.0,7460.0,31527.0,1277.0,236.0,1.18,2.0,2.0,,22492.0,953.0,144.0,1451.0,89.0,88.0,88.0,72.0,31.66,9627.0,448.0,93.0,35.0,33.0,0.94,0.93,0.96,1.02,1.98,1.48,0.94,5.0,Typical,Full training,Normal squad training plan,False,96.0,96.0,Ready,Exposure aligned with individual baseline
P05,Player 05,CB,8,20723.0,860.0,132.0,1295.0,91.0,85.0,28.11,88.8,2026-09-11,83.0,1644.0,7615.0,27050.0,1067.0,159.0,0.86,2.0,9.0,,22492.0,953.0,144.0,1451.0,89.0,88.0,88.0,72.0,31.66,9627.0,448.0,93.0,35.0,33.0,0.92,0.9,0.92,0.89,1.92,1.42,0.89,11.0,Typical,Full training,Normal squad training plan,False,93.0,93.0,Ready,Exposure aligned with individual baseline
P06,Player 06,FB,1,24816.0,1418.0,305.0,1486.0,115.0,113.0,32.48,90.4,2026-07-24,81.0,1486.0,1486.0,24816.0,1418.0,305.0,,2.0,2.0,,24816.0,1443.0,305.0,1486.0,90.4,132.0,118.0,80.0,35.93,10581.0,786.0,230.0,47.0,47.0,1.0,0.98,1.0,1.0,1.8,1.33,0.9,1.0,Typical,Full training,Normal squad training plan,False,100.0,100.0,Baseline,Baseline acquisition period
P06,Player 06,FB,2,23891.0,1443.0,331.0,1370.0,132.0,131.0,30.82,85.8,2026-07-31,78.0,1637.0,3123.0,29935.0,1695.0,419.0,,2.0,6.0,,24816.0,1443.0,305.0,1486.0,90.4,132.0,118.0,80.0,35.93,10581.0,786.0,230.0,47.0,47.0,0.96,1.0,1.09,0.92,1.84,1.44,0.86,-2.0,Typical,Full training,Normal squad training plan,False,95.0,95.0,Baseline,Baseline acquisition period
P06,Player 06,FB,3,24905.0,1486.0,293.0,1531.0,134.0,118.0,34.02,94.7,2026-08-07,80.0,1798.0,4921.0,32740.0,1855.0,359.0,,2.0,2.0,,24816.0,1443.0,305.0,1486.0,90.4,132.0,118.0,80.0,35.93,10581.0,786.0,230.0,47.0,47.0,1.0,1.03,0.96,1.03,1.89,1.27,0.95,0.0,Typical,Full training,Normal squad training plan,False,97.0,97.0,Baseline,Baseline acquisition period
P06,Player 06,FB,4,24171.0,1556.0,354.0,1302.0,125.0,121.0,32.66,90.9,2026-08-14,79.0,1459.0,6380.0,28103.0,1712.0,400.0,,2.0,2.0,,24816.0,1443.0,305.0,1486.0,90.4,132.0,118.0,80.0,35.93,10581.0,786.0,230.0,47.0,47.0,0.97,1.08,1.16,0.88,1.98,1.54,0.91,-1.0,Typical,Full training,Normal squad training plan,False,90.0,90.0,Ready,Exposure aligned with individual baseline
P06,Player 06,FB,5,24566.0,1674.0,337.0,1389.0,119.0,120.0,32.71,91.0,2026-08-21,83.0,1602.0,6496.0,28890.0,1839.0,392.0,0.99,2.0,2.0,,24816.0,1443.0,305.0,1486.0,90.4,132.0,118.0,80.0,35.93,10581.0,786.0,230.0,47.0,47.0,0.99,1.16,1.1,0.93,2.13,1.47,0.91,3.0,Typical,Full training,Normal squad training plan,False,91.0,91.0,Ready,Exposure aligned with individual baseline
P06,Player 06,FB,6,24935.0,1361.0,331.0,1354.0,125.0,130.0,32.68,91.0,2026-08-28,77.0,2236.0,7095.0,39593.0,1995.0,511.0,1.26,2.0,2.0,6.0,24816.0,1443.0,305.0,1486.0,90.4,132.0,118.0,80.0,35.93,10581.0,786.0,230.0,47.0,47.0,1.0,0.94,1.09,0.91,1.73,1.44,0.91,-3.0,Typical,Full training,Normal squad training plan,False,94.0,94.0,Ready,Exposure aligned with individual baseline
P06,Player 06,FB,7,22946.0,1415.0,325.0,1170.0,116.0,121.0,30.7,85.4,2026-09-04,73.0,1527.0,6824.0,29915.0,1771.0,371.0,0.9,2.0,9.0,13.0,24816.0,1443.0,305.0,1486.0,90.4,132.0,118.0,80.0,35.93,10581.0,786.0,230.0,47.0,47.0,0.92,0.98,1.07,0.79,1.8,1.41,0.85,-7.0,Typical,Full training,Normal squad training plan,False,95.0,95.0,Ready,Exposure aligned with individual baseline
P06,Player 06,FB,8,25525.0,1610.0,371.0,1419.0,129.0,118.0,33.75,93.9,2026-09-11,74.0,2196.0,7561.0,37912.0,2544.0,539.0,1.16,1.0,2.0,6.0,24816.0,1443.0,305.0,1486.0,90.4,132.0,118.0,80.0,35.93,10581.0,786.0,230.0,47.0,47.0,1.03,1.12,1.22,0.95,2.05,1.61,0.94,-6.0,Typical,Full training,Normal squad training plan,False,86.0,86.0,Ready,Exposure aligned with individual baseline
P07,Player 07,FB,1,23189.0,1357.0,413.0,1411.0,119.0,118.0,31.41,92.6,2026-07-24,75.0,1411.0,1411.0,23189.0,1357.0,413.0,,2.0,2.0,,23376.0,1455.0,413.0,1411.0,92.6,119.0,118.0,77.0,33.9,10346.0,766.0,266.0,47.0,46.0,0.99,0.93,1.0,1.0,1.77,1.55,0.93,-2.0,Typical,Full training,Normal squad training plan,False,98.0,98.0,Baseline,Baseline acquisition period
P07,Player 07,FB,2,23814.0,1539.0,420.0,1232.0,119.0,118.0,32.53,96.0,2026-07-31,80.0,1527.0,2938.0,30599.0,1847.0,484.0,,2.0,2.0,2.0,23376.0,1455.0,413.0,1411.0,92.6,119.0,118.0,77.0,33.9,10346.0,766.0,266.0,47.0,46.0,1.02,1.06,1.02,0.87,2.01,1.58,0.96,3.0,Typical,Full training,Normal squad training plan,False,98.0,98.0,Baseline,Baseline acquisition period
P07,Player 07,FB,3,23376.0,1455.0,392.0,1489.0,129.0,128.0,30.64,90.4,2026-08-07,77.0,1603.0,4541.0,26964.0,1571.0,422.0,,2.0,2.0,9.0,23376.0,1455.0,413.0,1411.0,92.6,119.0,118.0,77.0,33.9,10346.0,766.0,266.0,47.0,46.0,1.0,1.0,0.95,1.06,1.9,1.47,0.9,0.0,Typical,Full training,Normal squad training plan,False,97.0,97.0,Baseline,Baseline acquisition period
P07,Player 07,FB,4,25222.0,1545.0,416.0,1310.0,110.0,110.0,30.29,89.4,2026-08-14,80.0,1635.0,6176.0,32465.0,1850.0,486.0,,2.0,9.0,16.0,23376.0,1455.0,413.0,1411.0,92.6,119.0,118.0,77.0,33.9,10346.0,766.0,266.0,47.0,46.0,1.08,1.06,1.01,0.93,2.02,1.56,0.89,3.0,Typical,Full training,Normal squad training plan,False,98.0,98.0,Ready,Exposure aligned with individual baseline
P07,Player 07,FB,5,24232.0,1444.0,433.0,1393.0,126.0,110.0,30.43,89.8,2026-08-21,73.0,2216.0,6981.0,35149.0,2291.0,625.0,1.27,2.0,6.0,6.0,23376.0,1455.0,413.0,1411.0,92.6,119.0,118.0,77.0,33.9,10346.0,766.0,266.0,47.0,46.0,1.04,0.99,1.05,0.99,1.89,1.63,0.9,-4.0,Typical,Full training,Normal squad training plan,False,97.0,97.0,Ready,Exposure aligned with individual baseline
P07,Player 07,FB,6,22840.0,1527.0,363.0,1392.0,128.0,124.0,33.33,98.3,2026-08-28,77.0,1694.0,7148.0,30363.0,1889.0,427.0,0.95,2.0,2.0,2.0,23376.0,1455.0,413.0,1411.0,92.6,119.0,118.0,77.0,33.9,10346.0,766.0,266.0,47.0,46.0,0.98,1.05,0.88,0.99,1.99,1.36,0.98,0.0,Typical,Full training,Normal squad training plan,False,93.0,93.0,Ready,Exposure aligned with individual baseline
P07,Player 07,FB,7,26541.0,1413.0,394.0,1825.0,127.0,141.0,31.0,91.4,2026-09-04,74.0,2118.0,7663.0,32942.0,1703.0,524.0,1.11,2.0,2.0,9.0,23376.0,1455.0,413.0,1411.0,92.6,119.0,118.0,77.0,33.9,10346.0,766.0,266.0,47.0,46.0,1.14,0.97,0.95,1.29,1.84,1.48,0.91,-3.0,High,Full training,Normal squad training plan,False,97.0,97.0,Monitor,Elevated training load
P07,Player 07,FB,8,24567.0,1534.0,397.0,1463.0,112.0,115.0,33.59,99.1,2026-09-11,76.0,1795.0,7823.0,31627.0,1886.0,473.0,0.92,2.0,2.0,2.0,23376.0,1455.0,413.0,1411.0,92.6,119.0,118.0,77.0,33.9,10346.0,766.0,266.0,47.0,46.0,1.05,1.05,0.96,1.04,2.0,1.49,0.99,-1.0,Typical,Full training,Normal squad training plan,False,97.0,97.0,Ready,Exposure aligned with individual baseline
P08,Player 08,FB,1,24341.0,1358.0,391.0,1404.0,135.0,111.0,32.4,97.0,2026-07-24,79.0,1404.0,1404.0,24341.0,1358.0,391.0,,2.0,2.0,2.0,24341.0,1563.0,384.0,1404.0,92.3,135.0,111.0,80.0,33.4,10925.0,828.0,255.0,48.0,45.0,1.0,0.87,1.02,1.0,1.64,1.53,0.97,-1.0,Typical,Full training,Normal squad training plan,False,96.0,96.0,Baseline,Baseline acquisition period
P08,Player 08,FB,2,23980.0,1578.0,343.0,1449.0,126.0,110.0,30.71,91.9,2026-07-31,82.0,2257.0,3661.0,37026.0,2668.0,527.0,,2.0,2.0,6.0,24341.0,1563.0,384.0,1404.0,92.3,135.0,111.0,80.0,33.4,10925.0,828.0,255.0,48.0,45.0,0.99,1.01,0.89,1.03,1.91,1.35,0.92,2.0,Typical,Full training,Normal squad training plan,False,94.0,94.0,Baseline,Baseline acquisition period
P08,Player 08,FB,3,25579.0,1563.0,384.0,1321.0,135.0,115.0,30.84,92.3,2026-08-07,80.0,2198.0,5859.0,39821.0,2400.0,623.0,,2.0,2.0,13.0,24341.0,1563.0,384.0,1404.0,92.3,135.0,111.0,80.0,33.4,10925.0,828.0,255.0,48.0,45.0,1.05,1.0,1.0,0.94,1.89,1.51,0.92,0.0,Typical,Full training,Normal squad training plan,False,100.0,100.0,Baseline,Baseline acquisition period
P08,Player 08,FB,4,24572.0,1649.0,380.0,1331.0,130.0,126.0,31.28,93.6,2026-08-14,78.0,1481.0,7340.0,27831.0,1755.0,400.0,,2.0,2.0,20.0,24341.0,1563.0,384.0,1404.0,92.3,135.0,111.0,80.0,33.4,10925.0,828.0,255.0,48.0,45.0,1.01,1.06,0.99,0.95,1.99,1.49,0.94,-2.0,Typical,Full training,Normal squad training plan,False,98.0,98.0,Ready,Exposure aligned with individual baseline
P08,Player 08,FB,5,24711.0,1668.0,332.0,1342.0,125.0,108.0,33.1,99.1,2026-08-21,82.0,1643.0,7579.0,31951.0,2054.0,395.0,0.87,2.0,2.0,2.0,24341.0,1563.0,384.0,1404.0,92.3,135.0,111.0,80.0,33.4,10925.0,828.0,255.0,48.0,45.0,1.02,1.07,0.86,0.96,2.01,1.3,0.99,2.0,Typical,Full training,Normal squad training plan,False,92.0,92.0,Ready,Exposure aligned with individual baseline
P08,Player 08,FB,6,25448.0,1465.0,354.0,1302.0,120.0,120.0,30.69,91.9,2026-08-28,81.0,1657.0,6979.0,33120.0,1833.0,417.0,0.95,2.0,2.0,9.0,24341.0,1563.0,384.0,1404.0,92.3,135.0,111.0,80.0,33.4,10925.0,828.0,255.0,48.0,45.0,1.05,0.94,0.92,0.93,1.77,1.39,0.92,1.0,Typical,Full training,Normal squad training plan,False,95.0,95.0,Ready,Exposure aligned with individual baseline
P08,Player 08,FB,7,23968.0,1643.0,335.0,1399.0,118.0,122.0,31.17,93.3,2026-09-04,78.0,2143.0,6924.0,36447.0,2334.0,585.0,1.24,2.0,2.0,16.0,24341.0,1563.0,384.0,1404.0,92.3,135.0,111.0,80.0,33.4,10925.0,828.0,255.0,48.0,45.0,0.98,1.05,0.87,1.0,1.98,1.31,0.93,-2.0,Typical,Full training,Normal squad training plan,False,92.0,92.0,Ready,Exposure aligned with individual baseline
P08,Player 08,FB,8,24636.0,1463.0,372.0,1341.0,122.0,125.0,29.83,89.3,2026-09-11,75.0,1600.0,7043.0,32535.0,1783.0,437.0,0.91,2.0,9.0,23.0,24341.0,1563.0,384.0,1404.0,92.3,135.0,111.0,80.0,33.4,10925.0,828.0,255.0,48.0,45.0,1.01,0.94,0.97,0.96,1.77,1.46,0.89,-5.0,Typical,Full training,Normal squad training plan,False,97.0,97.0,Ready,Exposure aligned with individual baseline
P09,Player 09,FB,1,26012.0,1496.0,373.0,1395.0,102.0,112.0,32.65,94.3,2026-07-24,84.0,1395.0,1395.0,26012.0,1496.0,373.0,,2.0,2.0,,24935.0,1670.0,422.0,1395.0,93.8,103.0,103.0,82.0,34.61,10836.0,839.0,266.0,40.0,43.0,1.04,0.9,0.88,1.0,1.78,1.4,0.94,2.0,Typical,Full training,Normal squad training plan,False,92.0,92.0,Baseline,Baseline acquisition period
P09,Player 09,FB,2,23020.0,1706.0,435.0,1370.0,106.0,99.0,32.45,93.8,2026-07-31,82.0,1703.0,3098.0,30202.0,2135.0,499.0,,2.0,2.0,,24935.0,1670.0,422.0,1395.0,93.8,103.0,103.0,82.0,34.61,10836.0,839.0,266.0,40.0,43.0,0.92,1.02,1.03,0.98,2.03,1.64,0.94,0.0,Typical,Full training,Normal squad training plan,False,98.0,98.0,Baseline,Baseline acquisition period
P09,Player 09,FB,3,24935.0,1670.0,422.0,1504.0,103.0,103.0,31.22,90.2,2026-08-07,76.0,1785.0,4883.0,32609.0,2104.0,483.0,,2.0,2.0,,24935.0,1670.0,422.0,1395.0,93.8,103.0,103.0,82.0,34.61,10836.0,839.0,266.0,40.0,43.0,1.0,1.0,1.0,1.08,1.99,1.59,0.9,-6.0,Typical,Full training,Normal squad training plan,False,100.0,100.0,Baseline,Baseline acquisition period
P09,Player 09,FB,4,24135.0,1659.0,358.0,1513.0,102.0,118.0,31.78,91.8,2026-08-14,72.0,2210.0,7093.0,36506.0,2310.0,600.0,,2.0,2.0,6.0,24935.0,1670.0,422.0,1395.0,93.8,103.0,103.0,82.0,34.61,10836.0,839.0,266.0,40.0,43.0,0.97,0.99,0.85,1.08,1.98,1.35,0.92,-10.0,Typical,Full training,Normal squad training plan,False,92.0,92.0,Monitor,Reduced sprint exposure; Wellness below individual baseline
P09,Player 09,FB,5,22607.0,1655.0,406.0,1407.0,98.0,124.0,34.64,100.1,2026-08-21,79.0,2233.0,7931.0,36774.0,2545.0,671.0,1.13,1.0,2.0,2.0,24935.0,1670.0,422.0,1395.0,93.8,103.0,103.0,82.0,34.61,10836.0,839.0,266.0,40.0,43.0,0.91,0.99,0.96,1.01,1.97,1.53,1.0,-3.0,Typical,Full training,Normal squad training plan,False,98.0,98.0,Ready,Exposure aligned with individual baseline
P09,Player 09,FB,6,25073.0,1877.0,376.0,1439.0,105.0,116.0,32.13,92.8,2026-08-28,72.0,1731.0,7959.0,32416.0,2272.0,439.0,0.87,2.0,2.0,9.0,24935.0,1670.0,422.0,1395.0,93.8,103.0,103.0,82.0,34.61,10836.0,839.0,266.0,40.0,43.0,1.01,1.12,0.89,1.03,2.24,1.41,0.93,-10.0,Typical,Full training,Normal squad training plan,False,91.0,91.0,Monitor,Wellness below individual baseline
P09,Player 09,FB,7,24149.0,1745.0,378.0,1276.0,107.0,108.0,33.72,97.4,2026-09-04,81.0,1899.0,8073.0,36332.0,2439.0,729.0,0.94,2.0,2.0,2.0,24935.0,1670.0,422.0,1395.0,93.8,103.0,103.0,82.0,34.61,10836.0,839.0,266.0,40.0,43.0,0.97,1.04,0.9,0.91,2.08,1.42,0.97,-1.0,Typical,Full training,Normal squad training plan,False,94.0,94.0,Ready,Exposure aligned with individual baseline
P09,Player 09,FB,8,23437.0,1875.0,418.0,1589.0,102.0,102.0,32.98,95.3,2026-09-11,77.0,1875.0,7738.0,30001.0,2257.0,554.0,0.97,2.0,2.0,2.0,24935.0,1670.0,422.0,1395.0,93.8,103.0,103.0,82.0,34.61,10836.0,839.0,266.0,40.0,43.0,0.94,1.12,0.99,1.14,2.23,1.57,0.95,-5.0,Typical,Full training,Normal squad training plan,False,96.0,96.0,Ready,Exposure aligned with individual baseline
P10,Player 10,FB,1,24099.0,1493.0,438.0,1239.0,113.0,112.0,30.5,90.8,2026-07-24,82.0,1239.0,1239.0,24099.0,1493.0,438.0,,2.0,2.0,,24099.0,1523.0,440.0,1364.0,90.8,110.0,123.0,77.0,33.58,10455.0,802.0,287.0,42.0,47.0,1.0,0.98,1.0,0.91,1.86,1.53,0.91,5.0,Typical,Full training,Normal squad training plan,False,99.0,99.0,Baseline,Baseline acquisition period
P10,Player 10,FB,2,22859.0,1523.0,465.0,1494.0,109.0,127.0,30.08,89.6,2026-07-31,74.0,2238.0,3477.0,36856.0,2350.0,745.0,,2.0,9.0,,24099.0,1523.0,440.0,1364.0,90.8,110.0,123.0,77.0,33.58,10455.0,802.0,287.0,42.0,47.0,0.95,1.0,1.06,1.1,1.9,1.62,0.9,-3.0,Typical,Full training,Normal squad training plan,False,97.0,97.0,Baseline,Baseline acquisition period
P10,Player 10,FB,3,24371.0,1525.0,440.0,1364.0,110.0,123.0,32.03,95.4,2026-08-07,77.0,2106.0,5583.0,35353.0,2161.0,691.0,,1.0,2.0,2.0,24099.0,1523.0,440.0,1364.0,90.8,110.0,123.0,77.0,33.58,10455.0,802.0,287.0,42.0,47.0,1.01,1.0,1.0,1.0,1.9,1.53,0.95,0.0,Typical,Full training,Normal squad training plan,False,100.0,100.0,Baseline,Baseline acquisition period
P10,Player 10,FB,4,23781.0,1641.0,413.0,1343.0,109.0,122.0,30.41,90.6,2026-08-14,78.0,2001.0,7584.0,34244.0,2304.0,659.0,,2.0,2.0,9.0,24099.0,1523.0,440.0,1364.0,90.8,110.0,123.0,77.0,33.58,10455.0,802.0,287.0,42.0,47.0,0.99,1.08,0.94,0.98,2.05,1.44,0.91,1.0,Typical,Full training,Normal squad training plan,False,95.0,95.0,Ready,Exposure aligned with individual baseline
P10,Player 10,FB,5,23199.0,1793.0,462.0,1454.0,111.0,118.0,29.93,89.1,2026-08-21,74.0,1798.0,8143.0,30798.0,2099.0,534.0,0.88,2.0,9.0,16.0,24099.0,1523.0,440.0,1364.0,90.8,110.0,123.0,77.0,33.58,10455.0,802.0,287.0,42.0,47.0,0.96,1.18,1.05,1.07,2.24,1.61,0.89,-3.0,Typical,Full training,Normal squad training plan,False,93.0,93.0,Ready,Exposure aligned with individual baseline
P10,Player 10,FB,6,23902.0,1536.0,459.0,1420.0,113.0,121.0,30.91,92.0,2026-08-28,80.0,2131.0,8036.0,34853.0,2359.0,739.0,1.06,2.0,2.0,6.0,24099.0,1523.0,440.0,1364.0,90.8,110.0,123.0,77.0,33.58,10455.0,802.0,287.0,42.0,47.0,0.99,1.01,1.04,1.04,1.92,1.6,0.92,3.0,Typical,Full training,Normal squad training plan,False,98.0,98.0,Ready,Exposure aligned with individual baseline
P10,Player 10,FB,7,25233.0,1464.0,342.0,1422.0,101.0,105.0,31.18,92.8,2026-09-04,80.0,1716.0,7646.0,32228.0,1769.0,414.0,0.9,2.0,2.0,13.0,24099.0,1523.0,440.0,1364.0,90.8,110.0,123.0,77.0,33.58,10455.0,802.0,287.0,42.0,47.0,1.05,0.96,0.78,1.04,1.83,1.19,0.93,3.0,Typical,Full training,Normal squad training plan,False,88.0,88.0,Monitor,Reduced sprint exposure
P10,Player 10,FB,8,22974.0,1540.0,398.0,1329.0,107.0,131.0,32.19,95.9,2026-09-11,78.0,2129.0,7774.0,34941.0,2402.0,690.0,1.1,2.0,2.0,2.0,24099.0,1523.0,440.0,1364.0,90.8,110.0,123.0,77.0,33.58,10455.0,802.0,287.0,42.0,47.0,0.95,1.01,0.9,0.97,1.92,1.39,0.96,1.0,Typical,Full training,Normal squad training plan,False,95.0,95.0,Ready,Exposure aligned with individual baseline
P11,Player 11,CM,1,26138.0,1337.0,213.0,1472.0,118.0,106.0,28.07,90.1,2026-07-24,72.0,1472.0,1472.0,26138.0,1337.0,213.0,,2.0,2.0,,25033.0,1330.0,213.0,1420.0,87.2,117.0,130.0,75.0,31.15,11012.0,658.0,148.0,49.0,49.0,1.04,1.01,1.0,1.04,2.03,1.44,0.9,-3.0,Typical,Full training,Normal squad training plan,False,100.0,100.0,Baseline,Baseline acquisition period
P11,Player 11,CM,2,25033.0,1164.0,208.0,1420.0,117.0,131.0,26.74,85.8,2026-07-31,75.0,2246.0,3718.0,39406.0,2094.0,340.0,,2.0,6.0,,25033.0,1330.0,213.0,1420.0,87.2,117.0,130.0,75.0,31.15,11012.0,658.0,148.0,49.0,49.0,1.0,0.88,0.98,1.0,1.77,1.41,0.86,0.0,Typical,Full training,Normal squad training plan,False,95.0,95.0,Baseline,Baseline acquisition period
P11,Player 11,CM,3,23489.0,1330.0,241.0,1362.0,112.0,130.0,27.16,87.2,2026-08-07,79.0,2150.0,5868.0,38442.0,2047.0,406.0,,2.0,6.0,6.0,25033.0,1330.0,213.0,1420.0,87.2,117.0,130.0,75.0,31.15,11012.0,658.0,148.0,49.0,49.0,0.94,1.0,1.13,0.96,2.02,1.63,0.87,4.0,Typical,Full training,Normal squad training plan,False,93.0,93.0,Baseline,Baseline acquisition period
P11,Player 11,CM,4,23878.0,1347.0,214.0,1330.0,128.0,136.0,30.12,96.7,2026-08-14,76.0,1648.0,7516.0,31508.0,1646.0,262.0,,2.0,2.0,2.0,25033.0,1330.0,213.0,1420.0,87.2,117.0,130.0,75.0,31.15,11012.0,658.0,148.0,49.0,49.0,0.95,1.01,1.0,0.94,2.05,1.45,0.97,1.0,Typical,Full training,Normal squad training plan,False,99.0,99.0,Ready,Exposure aligned with individual baseline
P11,Player 11,CM,5,23511.0,1283.0,226.0,1478.0,132.0,128.0,29.53,94.8,2026-08-21,72.0,2210.0,8254.0,38238.0,1827.0,373.0,1.07,1.0,2.0,6.0,25033.0,1330.0,213.0,1420.0,87.2,117.0,130.0,75.0,31.15,11012.0,658.0,148.0,49.0,49.0,0.94,0.96,1.06,1.04,1.95,1.53,0.95,-3.0,Typical,Full training,Normal squad training plan,False,96.0,96.0,Ready,Exposure aligned with individual baseline
P11,Player 11,CM,6,23708.0,1280.0,205.0,1406.0,116.0,127.0,27.41,88.0,2026-08-28,79.0,2260.0,8268.0,35252.0,1752.0,377.0,1.09,2.0,6.0,13.0,25033.0,1330.0,213.0,1420.0,87.2,117.0,130.0,75.0,31.15,11012.0,658.0,148.0,49.0,49.0,0.95,0.96,0.96,0.99,1.95,1.39,0.88,4.0,Typical,Full training,Normal squad training plan,False,97.0,97.0,Ready,Exposure aligned with individual baseline
P11,Player 11,CM,7,24566.0,1351.0,193.0,1253.0,114.0,129.0,27.84,89.4,2026-09-04,80.0,2079.0,8197.0,37861.0,1969.0,373.0,1.01,2.0,6.0,20.0,25033.0,1330.0,213.0,1420.0,87.2,117.0,130.0,75.0,31.15,11012.0,658.0,148.0,49.0,49.0,0.98,1.02,0.91,0.88,2.05,1.3,0.89,5.0,Typical,Full training,Normal squad training plan,False,95.0,95.0,Ready,Exposure aligned with individual baseline
P11,Player 11,CM,8,24150.0,1326.0,222.0,1383.0,128.0,117.0,27.88,89.5,2026-09-11,75.0,2198.0,8747.0,37131.0,1947.0,370.0,1.01,2.0,6.0,27.0,25033.0,1330.0,213.0,1420.0,87.2,117.0,130.0,75.0,31.15,11012.0,658.0,148.0,49.0,49.0,0.96,1.0,1.04,0.97,2.02,1.5,0.9,0.0,Typical,Full training,Normal squad training plan,False,98.0,98.0,Ready,Exposure aligned with individual baseline
P12,Player 12,CM,1,24791.0,1343.0,177.0,1466.0,107.0,112.0,29.55,91.7,2026-07-24,79.0,1466.0,1466.0,24791.0,1343.0,177.0,,2.0,2.0,,24791.0,1262.0,205.0,1466.0,91.7,111.0,111.0,80.0,32.22,10941.0,695.0,137.0,43.0,42.0,1.0,1.06,0.86,1.0,1.93,1.29,0.92,-1.0,Typical,Full training,Normal squad training plan,False,92.0,92.0,Baseline,Baseline acquisition period
P12,Player 12,CM,2,25012.0,1205.0,208.0,1404.0,119.0,111.0,28.86,89.6,2026-07-31,80.0,2120.0,3586.0,38029.0,1875.0,309.0,,2.0,6.0,,24791.0,1262.0,205.0,1466.0,91.7,111.0,111.0,80.0,32.22,10941.0,695.0,137.0,43.0,42.0,1.01,0.95,1.01,0.96,1.73,1.52,0.9,0.0,Typical,Full training,Normal squad training plan,False,98.0,98.0,Baseline,Baseline acquisition period
P12,Player 12,CM,3,23731.0,1262.0,205.0,1596.0,111.0,99.0,30.52,94.7,2026-08-07,81.0,1754.0,5340.0,28307.0,1432.0,227.0,,2.0,2.0,,24791.0,1262.0,205.0,1466.0,91.7,111.0,111.0,80.0,32.22,10941.0,695.0,137.0,43.0,42.0,0.96,1.0,1.0,1.09,1.82,1.5,0.95,1.0,Typical,Full training,Normal squad training plan,False,100.0,100.0,Baseline,Baseline acquisition period
P12,Player 12,CM,4,25033.0,1367.0,201.0,1243.0,103.0,99.0,28.48,88.4,2026-08-14,77.0,2008.0,7348.0,36599.0,2001.0,305.0,,2.0,6.0,,24791.0,1262.0,205.0,1466.0,91.7,111.0,111.0,80.0,32.22,10941.0,695.0,137.0,43.0,42.0,1.01,1.08,0.98,0.85,1.97,1.47,0.88,-3.0,Typical,Full training,Normal squad training plan,False,96.0,96.0,Ready,Exposure aligned with individual baseline
P12,Player 12,CM,5,24959.0,1381.0,193.0,1365.0,110.0,114.0,28.04,87.0,2026-08-21,77.0,1611.0,7493.0,33150.0,1688.0,219.0,0.86,2.0,13.0,,24791.0,1262.0,205.0,1466.0,91.7,111.0,111.0,80.0,32.22,10941.0,695.0,137.0,43.0,42.0,1.01,1.09,0.94,0.93,1.99,1.41,0.87,-3.0,Typical,Full training,Normal squad training plan,False,94.0,94.0,Monitor,Limited recent >90% Vmax exposure
P12,Player 12,CM,6,26028.0,1317.0,223.0,1442.0,102.0,107.0,32.86,102.0,2026-08-28,87.0,1739.0,7112.0,33505.0,1676.0,262.0,0.98,2.0,2.0,2.0,24791.0,1262.0,205.0,1466.0,91.7,111.0,111.0,80.0,32.22,10941.0,695.0,137.0,43.0,42.0,1.05,1.04,1.09,0.98,1.89,1.63,1.02,7.0,Typical,Full training,Normal squad training plan,False,95.0,95.0,Ready,Exposure aligned with individual baseline
P12,Player 12,CM,7,24570.0,1369.0,201.0,1384.0,113.0,108.0,28.01,86.9,2026-09-04,72.0,2207.0,7565.0,37355.0,2122.0,328.0,1.17,2.0,6.0,6.0,24791.0,1262.0,205.0,1466.0,91.7,111.0,111.0,80.0,32.22,10941.0,695.0,137.0,43.0,42.0,0.99,1.08,0.98,0.94,1.97,1.47,0.87,-8.0,Typical,Full training,Normal squad training plan,False,96.0,96.0,Monitor,Wellness below individual baseline
P12,Player 12,CM,8,22698.0,1292.0,184.0,1493.0,108.0,99.0,29.68,92.1,2026-09-11,76.0,1838.0,7395.0,30968.0,1554.0,221.0,0.99,2.0,2.0,13.0,24791.0,1262.0,205.0,1466.0,91.7,111.0,111.0,80.0,32.22,10941.0,695.0,137.0,43.0,42.0,0.92,1.02,0.9,1.02,1.86,1.34,0.92,-4.0,Typical,Full training,Normal squad training plan,False,94.0,94.0,Ready,Exposure aligned with individual baseline
P13,Player 13,CM,1,27293.0,1280.0,229.0,1540.0,129.0,108.0,28.23,88.9,2026-07-24,78.0,1540.0,1540.0,27293.0,1280.0,229.0,,2.0,,,27293.0,1280.0,229.0,1540.0,91.6,121.0,120.0,76.0,31.76,11478.0,657.0,150.0,46.0,47.0,1.0,1.0,1.0,1.0,1.95,1.53,0.89,2.0,Typical,Full training,Normal squad training plan,False,100.0,100.0,Baseline,Baseline acquisition period
P13,Player 13,CM,2,27760.0,1164.0,228.0,1323.0,121.0,122.0,29.72,93.6,2026-07-31,76.0,1601.0,3141.0,34173.0,1404.0,269.0,,2.0,2.0,,27293.0,1280.0,229.0,1540.0,91.6,121.0,120.0,76.0,31.76,11478.0,657.0,150.0,46.0,47.0,1.02,0.91,1.0,0.86,1.77,1.52,0.94,0.0,Typical,Full training,Normal squad training plan,False,98.0,98.0,Baseline,Baseline acquisition period
P13,Player 13,CM,3,24475.0,1293.0,243.0,1620.0,109.0,120.0,29.09,91.6,2026-08-07,72.0,1886.0,5027.0,32288.0,1563.0,274.0,,2.0,2.0,,27293.0,1280.0,229.0,1540.0,91.6,121.0,120.0,76.0,31.76,11478.0,657.0,150.0,46.0,47.0,0.9,1.01,1.06,1.05,1.97,1.62,0.92,-4.0,Typical,Full training,Normal squad training plan,False,97.0,97.0,Baseline,Baseline acquisition period
P13,Player 13,CM,4,26386.0,1320.0,197.0,1378.0,125.0,129.0,28.94,91.1,2026-08-14,81.0,2153.0,7180.0,39666.0,1987.0,299.0,,2.0,2.0,6.0,27293.0,1280.0,229.0,1540.0,91.6,121.0,120.0,76.0,31.76,11478.0,657.0,150.0,46.0,47.0,0.97,1.03,0.86,0.89,2.01,1.31,0.91,5.0,Typical,Full training,Normal squad training plan,False,92.0,92.0,Ready,Exposure aligned with individual baseline
P13,Player 13,CM,5,26881.0,1446.0,219.0,1314.0,122.0,122.0,29.31,92.3,2026-08-21,87.0,2314.0,7954.0,41680.0,2090.0,408.0,1.16,2.0,2.0,6.0,27293.0,1280.0,229.0,1540.0,91.6,121.0,120.0,76.0,31.76,11478.0,657.0,150.0,46.0,47.0,0.98,1.13,0.96,0.85,2.2,1.46,0.92,11.0,Typical,Full training,Normal squad training plan,False,95.0,95.0,Ready,Exposure aligned with individual baseline
P13,Player 13,CM,6,27453.0,1405.0,247.0,1316.0,111.0,129.0,32.08,101.0,2026-08-28,79.0,1640.0,7993.0,35508.0,1734.0,290.0,0.82,2.0,2.0,2.0,27293.0,1280.0,229.0,1540.0,91.6,121.0,120.0,76.0,31.76,11478.0,657.0,150.0,46.0,47.0,1.01,1.1,1.08,0.85,2.14,1.65,1.01,3.0,Typical,Full training,Normal squad training plan,False,94.0,94.0,Ready,Exposure aligned with individual baseline
P13,Player 13,CM,7,26782.0,1346.0,221.0,1422.0,118.0,129.0,30.06,94.6,2026-09-04,75.0,1870.0,7977.0,34505.0,1595.0,258.0,0.94,2.0,2.0,9.0,27293.0,1280.0,229.0,1540.0,91.6,121.0,120.0,76.0,31.76,11478.0,657.0,150.0,46.0,47.0,0.98,1.05,0.97,0.92,2.05,1.47,0.95,-1.0,Typical,Full training,Normal squad training plan,False,97.0,97.0,Ready,Exposure aligned with individual baseline
P13,Player 13,CM,8,25406.0,1310.0,191.0,1554.0,106.0,122.0,30.58,96.3,2026-09-11,77.0,2350.0,8174.0,38798.0,1784.0,334.0,1.15,2.0,2.0,2.0,27293.0,1280.0,229.0,1540.0,91.6,121.0,120.0,76.0,31.76,11478.0,657.0,150.0,46.0,47.0,0.93,1.02,0.83,1.01,1.99,1.27,0.96,1.0,Typical,Full training,Normal squad training plan,False,91.0,91.0,Monitor,Reduced sprint exposure
P14,Player 14,CM,1,24785.0,1245.0,216.0,1337.0,112.0,115.0,32.17,97.5,2026-07-24,72.0,1337.0,1337.0,24785.0,1245.0,216.0,,2.0,2.0,2.0,24785.0,1326.0,194.0,1337.0,88.5,112.0,115.0,77.0,33.0,11027.0,674.0,131.0,46.0,45.0,1.0,0.94,1.11,1.0,1.85,1.65,0.97,-5.0,Typical,Full training,Normal squad training plan,False,93.0,93.0,Baseline,Baseline acquisition period
P14,Player 14,CM,2,25410.0,1326.0,194.0,1284.0,111.0,108.0,29.18,88.4,2026-07-31,82.0,2039.0,3376.0,40421.0,2124.0,349.0,,2.0,6.0,6.0,24785.0,1326.0,194.0,1337.0,88.5,112.0,115.0,77.0,33.0,11027.0,674.0,131.0,46.0,45.0,1.03,1.0,1.0,0.96,1.97,1.48,0.88,5.0,Typical,Full training,Normal squad training plan,False,100.0,100.0,Baseline,Baseline acquisition period
P14,Player 14,CM,3,23409.0,1511.0,189.0,1495.0,117.0,117.0,29.21,88.5,2026-08-07,77.0,2342.0,5718.0,37061.0,1977.0,339.0,,2.0,6.0,6.0,24785.0,1326.0,194.0,1337.0,88.5,112.0,115.0,77.0,33.0,11027.0,674.0,131.0,46.0,45.0,0.94,1.14,0.97,1.12,2.24,1.44,0.89,0.0,Typical,Full training,Normal squad training plan,False,95.0,95.0,Baseline,Baseline acquisition period
P14,Player 14,CM,4,25522.0,1255.0,182.0,1148.0,115.0,111.0,29.64,89.8,2026-08-14,82.0,1382.0,7100.0,32409.0,1509.0,219.0,,2.0,13.0,13.0,24785.0,1326.0,194.0,1337.0,88.5,112.0,115.0,77.0,33.0,11027.0,674.0,131.0,46.0,45.0,1.03,0.95,0.94,0.86,1.86,1.39,0.9,5.0,Typical,Full training,Normal squad training plan,False,96.0,96.0,Monitor,Limited recent >90% Vmax exposure
P14,Player 14,CM,5,25138.0,1263.0,197.0,1377.0,110.0,118.0,30.89,93.6,2026-08-21,70.0,1745.0,7508.0,32586.0,1569.0,235.0,0.93,2.0,2.0,20.0,24785.0,1326.0,194.0,1337.0,88.5,112.0,115.0,77.0,33.0,11027.0,674.0,131.0,46.0,45.0,1.01,0.95,1.02,1.03,1.87,1.5,0.94,-7.0,Typical,Full training,Normal squad training plan,False,98.0,98.0,Ready,Exposure aligned with individual baseline
P14,Player 14,CM,6,24880.0,1116.0,214.0,1389.0,117.0,116.0,29.37,89.0,2026-08-28,74.0,2111.0,7580.0,38473.0,1741.0,366.0,1.11,2.0,6.0,6.0,24785.0,1326.0,194.0,1337.0,88.5,112.0,115.0,77.0,33.0,11027.0,674.0,131.0,46.0,45.0,1.0,0.84,1.1,1.04,1.66,1.63,0.89,-3.0,Typical,Full training,Normal squad training plan,False,91.0,91.0,Ready,Exposure aligned with individual baseline
P14,Player 14,CM,7,24942.0,1336.0,181.0,1311.0,121.0,112.0,29.87,90.5,2026-09-04,73.0,1623.0,6861.0,31463.0,1551.0,247.0,0.95,2.0,2.0,13.0,24785.0,1326.0,194.0,1337.0,88.5,112.0,115.0,77.0,33.0,11027.0,674.0,131.0,46.0,45.0,1.01,1.01,0.93,0.98,1.98,1.38,0.91,-4.0,Typical,Full training,Normal squad training plan,False,96.0,96.0,Ready,Exposure aligned with individual baseline
P14,Player 14,CM,8,24971.0,1174.0,175.0,1354.0,112.0,113.0,30.13,91.3,2026-09-11,77.0,1662.0,7141.0,32739.0,1430.0,205.0,0.93,2.0,2.0,20.0,24785.0,1326.0,194.0,1337.0,88.5,112.0,115.0,77.0,33.0,11027.0,674.0,131.0,46.0,45.0,1.01,0.89,0.9,1.01,1.74,1.34,0.91,0.0,Typical,Full training,Normal squad training plan,False,92.0,92.0,Ready,Exposure aligned with individual baseline
P15,Player 15,CM,1,24416.0,1307.0,185.0,1237.0,130.0,119.0,30.28,96.0,2026-07-24,79.0,1237.0,1237.0,24416.0,1307.0,185.0,,2.0,2.0,2.0,25653.0,1270.0,205.0,1363.0,95.8,122.0,119.0,79.0,31.54,11473.0,626.0,140.0,49.0,47.0,0.95,1.03,0.9,0.91,2.09,1.32,0.96,0.0,Typical,Full training,Normal squad training plan,False,94.0,94.0,Baseline,Baseline acquisition period
P15,Player 15,CM,2,25653.0,1270.0,205.0,1376.0,114.0,120.0,29.98,95.1,2026-07-31,80.0,1647.0,2884.0,33946.0,1565.0,250.0,,2.0,2.0,2.0,25653.0,1270.0,205.0,1363.0,95.8,122.0,119.0,79.0,31.54,11473.0,626.0,140.0,49.0,47.0,1.0,1.0,1.0,1.01,2.03,1.46,0.95,1.0,Typical,Full training,Normal squad training plan,False,100.0,100.0,Baseline,Baseline acquisition period
P15,Player 15,CM,3,26999.0,1233.0,236.0,1363.0,122.0,118.0,30.23,95.8,2026-08-07,70.0,2186.0,5070.0,39274.0,1819.0,382.0,,2.0,2.0,2.0,25653.0,1270.0,205.0,1363.0,95.8,122.0,119.0,79.0,31.54,11473.0,626.0,140.0,49.0,47.0,1.05,0.97,1.15,1.0,1.97,1.69,0.96,-9.0,Typical,Full training,Normal squad training plan,False,92.0,92.0,Baseline,Baseline acquisition period
P15,Player 15,CM,4,26075.0,1135.0,213.0,1410.0,125.0,116.0,28.25,89.6,2026-08-14,83.0,2118.0,7188.0,37981.0,1643.0,305.0,,2.0,6.0,6.0,25653.0,1270.0,205.0,1363.0,95.8,122.0,119.0,79.0,31.54,11473.0,626.0,140.0,49.0,47.0,1.02,0.89,1.04,1.03,1.81,1.52,0.9,4.0,Typical,Full training,Normal squad training plan,False,95.0,95.0,Ready,Exposure aligned with individual baseline
P15,Player 15,CM,5,25895.0,1100.0,214.0,1566.0,124.0,115.0,29.14,92.4,2026-08-21,74.0,2336.0,8287.0,39719.0,1732.0,274.0,1.13,2.0,2.0,6.0,25653.0,1270.0,205.0,1363.0,95.8,122.0,119.0,79.0,31.54,11473.0,626.0,140.0,49.0,47.0,1.01,0.87,1.04,1.15,1.76,1.53,0.92,-5.0,Typical,Full training,Normal squad training plan,False,94.0,94.0,Ready,Exposure aligned with individual baseline
P15,Player 15,CM,6,26082.0,1128.0,185.0,1507.0,126.0,115.0,29.14,92.4,2026-08-28,78.0,2286.0,8926.0,39602.0,1712.0,344.0,1.02,2.0,2.0,6.0,25653.0,1270.0,205.0,1363.0,95.8,122.0,119.0,79.0,31.54,11473.0,626.0,140.0,49.0,47.0,1.02,0.89,0.9,1.11,1.8,1.32,0.92,-1.0,Typical,Full training,Normal squad training plan,False,92.0,92.0,Ready,Exposure aligned with individual baseline
P15,Player 15,CM,7,26420.0,1298.0,213.0,1270.0,133.0,130.0,29.03,92.0,2026-09-04,83.0,2021.0,8761.0,39221.0,2026.0,349.0,0.92,2.0,2.0,13.0,25653.0,1270.0,205.0,1363.0,95.8,122.0,119.0,79.0,31.54,11473.0,626.0,140.0,49.0,47.0,1.03,1.02,1.04,0.93,2.07,1.52,0.92,4.0,Typical,Full training,Normal squad training plan,False,97.0,97.0,Ready,Exposure aligned with individual baseline
P15,Player 15,CM,8,25555.0,1270.0,200.0,1431.0,123.0,129.0,29.93,94.9,2026-09-11,76.0,2253.0,8896.0,39676.0,1743.0,345.0,1.01,2.0,2.0,6.0,25653.0,1270.0,205.0,1363.0,95.8,122.0,119.0,79.0,31.54,11473.0,626.0,140.0,49.0,47.0,1.0,1.0,0.98,1.05,2.03,1.43,0.95,-3.0,Typical,Full training,Normal squad training plan,False,99.0,99.0,Ready,Exposure aligned with individual baseline
P16,Player 16,W,1,21881.0,1751.0,505.0,1363.0,110.0,104.0,32.55,91.4,2026-07-24,80.0,1363.0,1363.0,21881.0,1751.0,505.0,,2.0,2.0,,21881.0,1654.0,450.0,1312.0,95.4,109.0,104.0,80.0,35.6,10349.0,889.0,327.0,42.0,41.0,1.0,1.06,1.12,1.04,1.97,1.54,0.91,0.0,Typical,Full training,Normal squad training plan,False,92.0,92.0,Baseline,Baseline acquisition period
P16,Player 16,W,2,21552.0,1654.0,435.0,1152.0,109.0,99.0,35.71,100.3,2026-07-31,80.0,1458.0,2821.0,28524.0,2028.0,524.0,,2.0,2.0,2.0,21881.0,1654.0,450.0,1312.0,95.4,109.0,104.0,80.0,35.6,10349.0,889.0,327.0,42.0,41.0,0.98,1.0,0.97,0.88,1.86,1.33,1.0,0.0,Typical,Full training,Normal squad training plan,False,98.0,98.0,Baseline,Baseline acquisition period
P16,Player 16,W,3,23798.0,1557.0,450.0,1312.0,105.0,110.0,33.97,95.4,2026-08-07,82.0,2082.0,4903.0,34435.0,2378.0,787.0,,2.0,2.0,2.0,21881.0,1654.0,450.0,1312.0,95.4,109.0,104.0,80.0,35.6,10349.0,889.0,327.0,42.0,41.0,1.09,0.94,1.0,1.0,1.75,1.38,0.95,2.0,Typical,Full training,Normal squad training plan,False,99.0,99.0,Baseline,Baseline acquisition period
P16,Player 16,W,4,24554.0,1656.0,464.0,1441.0,104.0,108.0,33.87,95.1,2026-08-14,73.0,2338.0,7241.0,37737.0,2619.0,880.0,,2.0,2.0,2.0,21881.0,1654.0,450.0,1312.0,95.4,109.0,104.0,80.0,35.6,10349.0,889.0,327.0,42.0,41.0,1.12,1.0,1.03,1.1,1.86,1.42,0.95,-7.0,Typical,Full training,Normal squad training plan,False,98.0,98.0,Ready,Exposure aligned with individual baseline
P16,Player 16,W,5,23490.0,1498.0,566.0,1453.0,99.0,102.0,34.44,96.7,2026-08-21,75.0,1789.0,7667.0,30823.0,1909.0,664.0,0.93,2.0,2.0,2.0,21881.0,1654.0,450.0,1312.0,95.4,109.0,104.0,80.0,35.6,10349.0,889.0,327.0,42.0,41.0,1.07,0.91,1.26,1.11,1.69,1.73,0.97,-5.0,Typical,Full training,Normal squad training plan,False,85.0,85.0,Ready,Exposure aligned with individual baseline
P16,Player 16,W,6,24394.0,1591.0,478.0,1365.0,97.0,111.0,35.37,99.3,2026-08-28,81.0,2146.0,8355.0,37836.0,2601.0,722.0,1.03,2.0,2.0,2.0,21881.0,1654.0,450.0,1312.0,95.4,109.0,104.0,80.0,35.6,10349.0,889.0,327.0,42.0,41.0,1.11,0.96,1.06,1.04,1.79,1.46,0.99,1.0,Typical,Full training,Normal squad training plan,False,96.0,96.0,Ready,Exposure aligned with individual baseline
P16,Player 16,W,7,23748.0,1721.0,463.0,1139.0,111.0,111.0,32.04,90.0,2026-09-04,79.0,2029.0,8302.0,35976.0,2608.0,801.0,0.98,2.0,2.0,9.0,21881.0,1654.0,450.0,1312.0,95.4,109.0,104.0,80.0,35.6,10349.0,889.0,327.0,42.0,41.0,1.09,1.04,1.03,0.87,1.94,1.42,0.9,-1.0,Typical,Full training,Normal squad training plan,False,98.0,98.0,Ready,Exposure aligned with individual baseline
P16,Player 16,W,8,23944.0,1608.0,579.0,1566.0,96.0,107.0,31.57,88.7,2026-09-11,74.0,2479.0,8443.0,36923.0,2581.0,954.0,1.17,2.0,6.0,6.0,21881.0,1654.0,450.0,1312.0,95.4,109.0,104.0,80.0,35.6,10349.0,889.0,327.0,42.0,41.0,1.09,0.97,1.29,1.19,1.81,1.77,0.89,-6.0,Typical,Full training,Normal squad training plan,False,85.0,85.0,Ready,Exposure aligned with individual baseline
P17,Player 17,W,1,23433.0,2004.0,438.0,1470.0,118.0,126.0,33.51,99.1,2026-07-24,73.0,1470.0,1470.0,23433.0,2004.0,438.0,,2.0,2.0,2.0,22925.0,1818.0,438.0,1452.0,98.7,118.0,126.0,76.0,33.81,9881.0,949.0,300.0,47.0,50.0,1.02,1.1,1.0,1.01,2.11,1.46,0.99,-3.0,Typical,Full training,Normal squad training plan,False,97.0,97.0,Baseline,Baseline acquisition period
P17,Player 17,W,2,22394.0,1709.0,450.0,1268.0,110.0,126.0,33.36,98.7,2026-07-31,76.0,1498.0,2968.0,27316.0,2006.0,575.0,,2.0,2.0,2.0,22925.0,1818.0,438.0,1452.0,98.7,118.0,126.0,76.0,33.81,9881.0,949.0,300.0,47.0,50.0,0.98,0.94,1.03,0.87,1.8,1.5,0.99,0.0,Typical,Full training,Normal squad training plan,False,97.0,97.0,Baseline,Baseline acquisition period
P17,Player 17,W,3,22925.0,1818.0,421.0,1452.0,122.0,131.0,31.25,92.4,2026-08-07,77.0,2110.0,5078.0,31753.0,2730.0,621.0,,2.0,2.0,6.0,22925.0,1818.0,438.0,1452.0,98.7,118.0,126.0,76.0,33.81,9881.0,949.0,300.0,47.0,50.0,1.0,1.0,0.96,1.0,1.92,1.4,0.92,1.0,Typical,Full training,Normal squad training plan,False,98.0,98.0,Baseline,Baseline acquisition period
P17,Player 17,W,4,22638.0,1743.0,428.0,1512.0,122.0,119.0,32.49,96.1,2026-08-14,73.0,1782.0,6860.0,30005.0,2194.0,488.0,,2.0,2.0,2.0,22925.0,1818.0,438.0,1452.0,98.7,118.0,126.0,76.0,33.81,9881.0,949.0,300.0,47.0,50.0,0.99,0.96,0.98,1.04,1.84,1.43,0.96,-3.0,Typical,Full training,Normal squad training plan,False,98.0,98.0,Ready,Exposure aligned with individual baseline
P17,Player 17,W,5,21910.0,1902.0,413.0,1484.0,107.0,130.0,29.35,86.8,2026-08-21,75.0,2335.0,7725.0,33918.0,3026.0,732.0,1.21,2.0,6.0,6.0,22925.0,1818.0,438.0,1452.0,98.7,118.0,126.0,76.0,33.81,9881.0,949.0,300.0,47.0,50.0,0.96,1.05,0.94,1.02,2.0,1.38,0.87,-1.0,Typical,Full training,Normal squad training plan,False,95.0,95.0,Ready,Exposure aligned with individual baseline
P17,Player 17,W,6,22644.0,1712.0,493.0,1573.0,123.0,136.0,31.76,93.9,2026-08-28,79.0,2260.0,8487.0,35121.0,2671.0,769.0,1.07,2.0,2.0,6.0,22925.0,1818.0,438.0,1452.0,98.7,118.0,126.0,76.0,33.81,9881.0,949.0,300.0,47.0,50.0,0.99,0.94,1.13,1.08,1.8,1.64,0.94,3.0,Typical,Full training,Normal squad training plan,False,92.0,92.0,Ready,Exposure aligned with individual baseline
P17,Player 17,W,7,23527.0,1866.0,504.0,1319.0,119.0,118.0,31.63,93.6,2026-09-04,76.0,2008.0,8385.0,34905.0,2812.0,782.0,0.96,2.0,2.0,6.0,22925.0,1818.0,438.0,1452.0,98.7,118.0,126.0,76.0,33.81,9881.0,949.0,300.0,47.0,50.0,1.03,1.03,1.15,0.91,1.97,1.68,0.94,0.0,Typical,Full training,Normal squad training plan,False,92.0,92.0,Ready,Exposure aligned with individual baseline
P17,Player 17,W,8,22271.0,1836.0,450.0,1379.0,122.0,128.0,27.68,81.9,2026-09-11,80.0,1662.0,8265.0,28845.0,2191.0,531.0,0.8,9.0,9.0,13.0,22925.0,1818.0,438.0,1452.0,98.7,118.0,126.0,76.0,33.81,9881.0,949.0,300.0,47.0,50.0,0.97,1.01,1.03,0.95,1.93,1.5,0.82,4.0,Typical,Full training,Normal squad training plan,False,96.0,96.0,Underexposed,No recent high-speed exposure
P18,Player 18,W,1,23764.0,1613.0,422.0,1470.0,110.0,113.0,32.31,93.2,2026-07-24,80.0,1470.0,1470.0,23764.0,1613.0,422.0,,1.0,2.0,,23764.0,1673.0,452.0,1368.0,91.6,110.0,113.0,82.0,34.68,10784.0,851.0,323.0,45.0,45.0,1.0,0.96,0.93,1.07,1.9,1.31,0.93,-2.0,Typical,Full training,Normal squad training plan,False,96.0,96.0,Baseline,Baseline acquisition period
P18,Player 18,W,2,24433.0,1763.0,461.0,1279.0,102.0,117.0,31.77,91.6,2026-07-31,83.0,2005.0,3475.0,36557.0,2762.0,761.0,,2.0,2.0,6.0,23764.0,1673.0,452.0,1368.0,91.6,110.0,113.0,82.0,34.68,10784.0,851.0,323.0,45.0,45.0,1.03,1.05,1.02,0.93,2.07,1.43,0.92,1.0,Typical,Full training,Normal squad training plan,False,98.0,98.0,Baseline,Baseline acquisition period
P18,Player 18,W,3,23239.0,1673.0,452.0,1368.0,127.0,110.0,30.38,87.6,2026-08-07,82.0,1698.0,5173.0,30394.0,2063.0,545.0,,2.0,9.0,13.0,23764.0,1673.0,452.0,1368.0,91.6,110.0,113.0,82.0,34.68,10784.0,851.0,323.0,45.0,45.0,0.98,1.0,1.0,1.0,1.97,1.4,0.88,0.0,Typical,Full training,Normal squad training plan,False,99.0,99.0,Baseline,Baseline acquisition period
P18,Player 18,W,4,25821.0,1850.0,483.0,1433.0,114.0,123.0,33.08,95.4,2026-08-14,79.0,1738.0,6911.0,33131.0,2231.0,564.0,,2.0,2.0,2.0,23764.0,1673.0,452.0,1368.0,91.6,110.0,113.0,82.0,34.68,10784.0,851.0,323.0,45.0,45.0,1.09,1.11,1.07,1.05,2.17,1.5,0.95,-3.0,Typical,Full training,Normal squad training plan,False,94.0,94.0,Ready,Exposure aligned with individual baseline
P18,Player 18,W,5,23605.0,1029.0,166.0,1559.0,108.0,120.0,29.13,84.0,2026-08-21,77.0,1905.0,7346.0,30161.0,1435.0,353.0,1.04,6.0,9.0,9.0,23764.0,1673.0,452.0,1368.0,91.6,110.0,113.0,82.0,34.68,10784.0,851.0,323.0,45.0,45.0,0.99,0.62,0.37,1.14,1.21,0.51,0.84,-5.0,Typical,Full training,Normal squad training plan,False,57.0,57.0,Underexposed,Very low sprint exposure; No recent high-speed exposure; Reduced HSR exposure
P18,Player 18,W,6,23754.0,1129.0,186.0,1351.0,121.0,114.0,29.13,84.0,2026-08-28,72.0,1615.0,6956.0,31313.0,1550.0,276.0,0.93,6.0,16.0,16.0,23764.0,1673.0,452.0,1368.0,91.6,110.0,113.0,82.0,34.68,10784.0,851.0,323.0,45.0,45.0,1.0,0.67,0.41,0.99,1.33,0.58,0.84,-10.0,Typical,Full training,Normal squad training plan,False,61.0,61.0,Underexposed,Very low sprint exposure; No recent high-speed exposure; Reduced HSR exposure; Wellness below individual baseline
P18,Player 18,W,7,25662.0,1721.0,468.0,1521.0,116.0,108.0,31.14,89.8,2026-09-04,82.0,1776.0,7034.0,32660.0,2134.0,551.0,1.01,2.0,23.0,23.0,23764.0,1673.0,452.0,1368.0,91.6,110.0,113.0,82.0,34.68,10784.0,851.0,323.0,45.0,45.0,1.08,1.03,1.04,1.11,2.02,1.45,0.9,0.0,Typical,Full training,Normal squad training plan,False,97.0,97.0,Monitor,Limited recent >90% Vmax exposure
P18,Player 18,W,8,26256.0,1891.0,500.0,1429.0,117.0,104.0,32.84,94.7,2026-09-11,80.0,2130.0,7426.0,36931.0,2647.0,628.0,1.15,2.0,2.0,6.0,23764.0,1673.0,452.0,1368.0,91.6,110.0,113.0,82.0,34.68,10784.0,851.0,323.0,45.0,45.0,1.1,1.13,1.11,1.04,2.22,1.55,0.95,-2.0,Typical,Full training,Normal squad training plan,False,91.0,91.0,Ready,Exposure aligned with individual baseline
P19,Player 19,W,1,22052.0,1952.0,508.0,1413.0,125.0,111.0,33.13,92.7,2026-07-24,76.0,1413.0,1413.0,22052.0,1952.0,508.0,,2.0,2.0,,22052.0,1952.0,508.0,1478.0,87.1,118.0,104.0,76.0,35.76,9502.0,952.0,338.0,46.0,41.0,1.0,1.0,1.0,0.96,2.05,1.5,0.93,0.0,Typical,Full training,Normal squad training plan,False,100.0,100.0,Baseline,Baseline acquisition period
P19,Player 19,W,2,20874.0,1853.0,535.0,1490.0,115.0,104.0,31.15,87.1,2026-07-31,81.0,2349.0,3762.0,33387.0,2514.0,748.0,,2.0,6.0,6.0,22052.0,1952.0,508.0,1478.0,87.1,118.0,104.0,76.0,35.76,9502.0,952.0,338.0,46.0,41.0,0.95,0.95,1.05,1.01,1.95,1.58,0.87,5.0,Typical,Full training,Normal squad training plan,False,95.0,95.0,Baseline,Baseline acquisition period
P19,Player 19,W,3,22317.0,1958.0,431.0,1478.0,118.0,103.0,30.53,85.4,2026-08-07,76.0,1807.0,5569.0,29132.0,2357.0,533.0,,2.0,13.0,13.0,22052.0,1952.0,508.0,1478.0,87.1,118.0,104.0,76.0,35.76,9502.0,952.0,338.0,46.0,41.0,1.01,1.0,0.85,1.0,2.06,1.28,0.85,0.0,Typical,Full training,Normal squad training plan,False,91.0,91.0,Baseline,Baseline acquisition period
P19,Player 19,W,4,21858.0,1829.0,428.0,1568.0,122.0,104.0,31.69,88.6,2026-08-14,73.0,2230.0,7799.0,33509.0,2725.0,725.0,,2.0,6.0,20.0,22052.0,1952.0,508.0,1478.0,87.1,118.0,104.0,76.0,35.76,9502.0,952.0,338.0,46.0,41.0,0.99,0.94,0.84,1.06,1.92,1.27,0.89,-3.0,Typical,Full training,Normal squad training plan,False,90.0,90.0,Monitor,Reduced sprint exposure
P19,Player 19,W,5,21654.0,1869.0,552.0,1348.0,127.0,110.0,34.64,96.9,2026-08-21,76.0,2214.0,8600.0,33614.0,2940.0,979.0,1.03,1.0,2.0,2.0,22052.0,1952.0,508.0,1478.0,87.1,118.0,104.0,76.0,35.76,9502.0,952.0,338.0,46.0,41.0,0.98,0.96,1.09,0.91,1.96,1.63,0.97,0.0,Typical,Full training,Normal squad training plan,False,95.0,95.0,Ready,Exposure aligned with individual baseline
P19,Player 19,W,6,21748.0,1993.0,521.0,1437.0,116.0,108.0,33.2,92.8,2026-08-28,79.0,1598.0,7849.0,24888.0,2163.0,580.0,0.81,2.0,2.0,9.0,22052.0,1952.0,508.0,1478.0,87.1,118.0,104.0,76.0,35.76,9502.0,952.0,338.0,46.0,41.0,0.99,1.02,1.03,0.97,2.09,1.54,0.93,3.0,Typical,Full training,Normal squad training plan,False,98.0,98.0,Ready,Exposure aligned with individual baseline
P19,Player 19,W,7,20393.0,1983.0,397.0,1498.0,123.0,108.0,32.74,91.6,2026-09-04,76.0,1733.0,7775.0,26650.0,2462.0,476.0,0.89,2.0,2.0,16.0,22052.0,1952.0,508.0,1478.0,87.1,118.0,104.0,76.0,35.76,9502.0,952.0,338.0,46.0,41.0,0.92,1.02,0.78,1.01,2.08,1.17,0.92,0.0,Typical,Full training,Normal squad training plan,False,89.0,89.0,Monitor,Reduced sprint exposure
P19,Player 19,W,8,21892.0,1949.0,529.0,1368.0,123.0,100.0,34.21,95.7,2026-09-11,80.0,1738.0,7283.0,28442.0,2391.0,612.0,0.95,2.0,2.0,2.0,22052.0,1952.0,508.0,1478.0,87.1,118.0,104.0,76.0,35.76,9502.0,952.0,338.0,46.0,41.0,0.99,1.0,1.04,0.93,2.05,1.57,0.96,4.0,Typical,Full training,Normal squad training plan,False,98.0,98.0,Ready,Exposure aligned with individual baseline
P20,Player 20,W,1,23104.0,1758.0,475.0,1456.0,123.0,114.0,33.79,96.4,2026-07-24,79.0,1456.0,1456.0,23104.0,1758.0,475.0,,2.0,2.0,2.0,23104.0,1758.0,475.0,1292.0,95.1,125.0,117.0,79.0,35.06,10125.0,937.0,331.0,53.0,45.0,1.0,1.0,1.0,1.13,1.88,1.44,0.96,0.0,Typical,Full training,Normal squad training plan,False,100.0,100.0,Baseline,Baseline acquisition period
P20,Player 20,W,2,23546.0,1811.0,484.0,1270.0,125.0,117.0,32.3,92.1,2026-07-31,75.0,1591.0,3047.0,30639.0,2271.0,573.0,,2.0,2.0,9.0,23104.0,1758.0,475.0,1292.0,95.1,125.0,117.0,79.0,35.06,10125.0,937.0,331.0,53.0,45.0,1.02,1.03,1.02,0.98,1.93,1.46,0.92,-4.0,Typical,Full training,Normal squad training plan,False,98.0,98.0,Baseline,Baseline acquisition period
P20,Player 20,W,3,22295.0,1717.0,445.0,1292.0,140.0,117.0,33.35,95.1,2026-08-07,80.0,1639.0,4686.0,29140.0,2086.0,497.0,,2.0,2.0,2.0,23104.0,1758.0,475.0,1292.0,95.1,125.0,117.0,79.0,35.06,10125.0,937.0,331.0,53.0,45.0,0.96,0.98,0.94,1.0,1.83,1.34,0.95,1.0,Typical,Full training,Normal squad training plan,False,96.0,96.0,Baseline,Baseline acquisition period
P20,Player 20,W,4,23831.0,1842.0,482.0,1406.0,127.0,113.0,32.99,94.1,2026-08-14,83.0,1743.0,6429.0,31306.0,2280.0,587.0,,2.0,2.0,9.0,23104.0,1758.0,475.0,1292.0,95.1,125.0,117.0,79.0,35.06,10125.0,937.0,331.0,53.0,45.0,1.03,1.05,1.01,1.09,1.97,1.46,0.94,4.0,Typical,Full training,Normal squad training plan,False,98.0,98.0,Ready,Exposure aligned with individual baseline
P20,Player 20,W,5,22099.0,1837.0,472.0,1431.0,151.0,109.0,32.54,92.8,2026-08-21,75.0,1744.0,6717.0,29001.0,2261.0,545.0,1.04,2.0,2.0,16.0,23104.0,1758.0,475.0,1292.0,95.1,125.0,117.0,79.0,35.06,10125.0,937.0,331.0,53.0,45.0,0.96,1.04,0.99,1.11,1.96,1.43,0.93,-4.0,Typical,Full training,Normal squad training plan,False,99.0,99.0,Ready,Exposure aligned with individual baseline
P20,Player 20,W,6,23492.0,1721.0,463.0,1441.0,128.0,125.0,30.58,87.2,2026-08-28,80.0,1720.0,6846.0,30264.0,2139.0,552.0,1.0,2.0,9.0,23.0,23104.0,1758.0,475.0,1292.0,95.1,125.0,117.0,79.0,35.06,10125.0,937.0,331.0,53.0,45.0,1.02,0.98,0.97,1.12,1.84,1.4,0.87,1.0,Typical,Full training,Normal squad training plan,False,97.0,97.0,Ready,Exposure aligned with individual baseline
P20,Player 20,W,7,22685.0,1843.0,497.0,1203.0,138.0,113.0,32.05,91.4,2026-09-04,82.0,1471.0,6678.0,29781.0,2354.0,592.0,0.88,2.0,2.0,30.0,23104.0,1758.0,475.0,1292.0,95.1,125.0,117.0,79.0,35.06,10125.0,937.0,331.0,53.0,45.0,0.98,1.05,1.05,0.93,1.97,1.5,0.91,3.0,Typical,Full training,Normal squad training plan,False,96.0,96.0,Ready,Exposure aligned with individual baseline
P20,Player 20,W,8,22729.0,1962.0,512.0,1384.0,135.0,113.0,34.38,98.1,2026-09-11,76.0,1732.0,6667.0,29351.0,2355.0,714.0,1.04,2.0,2.0,2.0,23104.0,1758.0,475.0,1292.0,95.1,125.0,117.0,79.0,35.06,10125.0,937.0,331.0,53.0,45.0,0.98,1.12,1.08,1.07,2.09,1.55,0.98,-3.0,Typical,Full training,Normal squad training plan,False,93.0,93.0,Ready,Exposure aligned with individual baseline
P21,Player 21,ST,1,21473.0,1355.0,425.0,1391.0,112.0,105.0,33.24,99.0,2026-07-24,83.0,1391.0,1391.0,21473.0,1355.0,425.0,,2.0,2.0,2.0,22333.0,1363.0,450.0,1313.0,91.3,120.0,105.0,80.0,33.58,9989.0,763.0,318.0,46.0,41.0,0.96,0.99,0.94,1.06,1.78,1.34,0.99,3.0,Typical,Full training,Normal squad training plan,False,97.0,97.0,Baseline,Baseline acquisition period
P21,Player 21,ST,2,22333.0,1363.0,450.0,1208.0,120.0,108.0,30.67,91.3,2026-07-31,74.0,1532.0,2923.0,29266.0,1752.0,503.0,,2.0,2.0,9.0,22333.0,1363.0,450.0,1313.0,91.3,120.0,105.0,80.0,33.58,9989.0,763.0,318.0,46.0,41.0,1.0,1.0,1.0,0.92,1.79,1.42,0.91,-6.0,Typical,Full training,Normal squad training plan,False,100.0,100.0,Baseline,Baseline acquisition period
P21,Player 21,ST,3,22477.0,1409.0,504.0,1313.0,124.0,104.0,30.5,90.8,2026-08-07,80.0,2175.0,5098.0,35300.0,2205.0,862.0,,2.0,2.0,6.0,22333.0,1363.0,450.0,1313.0,91.3,120.0,105.0,80.0,33.58,9989.0,763.0,318.0,46.0,41.0,1.01,1.03,1.12,1.0,1.85,1.58,0.91,0.0,Typical,Full training,Normal squad training plan,False,93.0,93.0,Baseline,Baseline acquisition period
P21,Player 21,ST,4,23803.0,1413.0,455.0,1576.0,128.0,104.0,30.72,91.5,2026-08-14,75.0,1924.0,7022.0,30760.0,1699.0,522.0,,2.0,2.0,13.0,22333.0,1363.0,450.0,1313.0,91.3,120.0,105.0,80.0,33.58,9989.0,763.0,318.0,46.0,41.0,1.07,1.04,1.01,1.2,1.85,1.43,0.91,-5.0,High,Full training,Normal squad training plan,False,99.0,99.0,Monitor,Elevated training load
P21,Player 21,ST,5,22617.0,1418.0,475.0,1384.0,119.0,110.0,31.56,94.0,2026-08-21,75.0,1830.0,7461.0,29203.0,1725.0,552.0,0.98,2.0,2.0,20.0,22333.0,1363.0,450.0,1313.0,91.3,120.0,105.0,80.0,33.58,9989.0,763.0,318.0,46.0,41.0,1.01,1.04,1.06,1.05,1.86,1.49,0.94,-5.0,Typical,Full training,Normal squad training plan,False,96.0,96.0,Ready,Exposure aligned with individual baseline
P21,Player 21,ST,6,22051.0,1506.0,474.0,1472.0,115.0,97.0,32.29,96.2,2026-08-28,78.0,1894.0,7823.0,28591.0,1849.0,550.0,0.97,2.0,2.0,2.0,22333.0,1363.0,450.0,1313.0,91.3,120.0,105.0,80.0,33.58,9989.0,763.0,318.0,46.0,41.0,0.99,1.1,1.05,1.12,1.97,1.49,0.96,-2.0,Typical,Full training,Normal squad training plan,False,95.0,95.0,Ready,Exposure aligned with individual baseline
P21,Player 21,ST,7,21591.0,1254.0,422.0,1358.0,127.0,103.0,31.15,92.8,2026-09-04,78.0,2062.0,7710.0,32730.0,1934.0,694.0,1.07,2.0,2.0,9.0,22333.0,1363.0,450.0,1313.0,91.3,120.0,105.0,80.0,33.58,9989.0,763.0,318.0,46.0,41.0,0.97,0.92,0.94,1.03,1.64,1.33,0.93,-2.0,Typical,Full training,Normal squad training plan,False,95.0,95.0,Ready,Exposure aligned with individual baseline
P21,Player 21,ST,8,22520.0,1472.0,446.0,1237.0,126.0,102.0,30.58,91.1,2026-09-11,75.0,1616.0,7402.0,29278.0,1859.0,548.0,0.87,2.0,2.0,16.0,22333.0,1363.0,450.0,1313.0,91.3,120.0,105.0,80.0,33.58,9989.0,763.0,318.0,46.0,41.0,1.01,1.08,0.99,0.94,1.93,1.4,0.91,-5.0,Typical,Full training,Normal squad training plan,False,98.0,98.0,Ready,Exposure aligned with individual baseline
P22,Player 22,ST,1,21507.0,1514.0,362.0,1287.0,107.0,98.0,30.67,86.2,2026-07-24,81.0,1287.0,1287.0,21507.0,1514.0,362.0,,2.0,,,21378.0,1514.0,362.0,1287.0,89.3,104.0,98.0,81.0,35.57,9312.0,712.0,254.0,42.0,36.0,1.01,1.0,1.0,1.0,2.13,1.43,0.86,0.0,Typical,Full training,Normal squad training plan,False,99.0,99.0,Baseline,Baseline acquisition period
P22,Player 22,ST,2,20769.0,1556.0,368.0,1258.0,104.0,93.0,31.76,89.3,2026-07-31,80.0,1865.0,3152.0,30128.0,2115.0,681.0,,2.0,6.0,,21378.0,1514.0,362.0,1287.0,89.3,104.0,98.0,81.0,35.57,9312.0,712.0,254.0,42.0,36.0,0.97,1.03,1.02,0.98,2.19,1.45,0.89,-1.0,Typical,Full training,Normal squad training plan,False,98.0,98.0,Baseline,Baseline acquisition period
P22,Player 22,ST,3,21378.0,1285.0,354.0,1373.0,104.0,98.0,32.82,92.3,2026-08-07,83.0,1674.0,4826.0,26735.0,1583.0,493.0,,2.0,2.0,6.0,21378.0,1514.0,362.0,1287.0,89.3,104.0,98.0,81.0,35.57,9312.0,712.0,254.0,42.0,36.0,1.0,0.85,0.98,1.07,1.8,1.39,0.92,2.0,Typical,Full training,Normal squad training plan,False,95.0,95.0,Baseline,Baseline acquisition period
P22,Player 22,ST,4,11014.0,605.0,131.0,1356.0,100.0,89.0,32.8,92.2,2026-08-14,79.0,1589.0,6415.0,17775.0,952.0,182.0,,2.0,2.0,13.0,21378.0,1514.0,362.0,1287.0,89.3,104.0,98.0,81.0,35.57,9312.0,712.0,254.0,42.0,36.0,0.52,0.4,0.36,1.05,0.85,0.52,0.92,-2.0,Typical,Modified / unavailable,Reduced exposure is planned within the synthetic return-to-performance scenario,True,53.0,53.0,Underexposed,Very low sprint exposure; Very low HSR exposure
P22,Player 22,ST,5,16324.0,854.0,235.0,1417.0,103.0,87.0,32.13,90.3,2026-08-21,80.0,1722.0,6850.0,19623.0,994.0,258.0,1.01,2.0,2.0,20.0,21378.0,1514.0,362.0,1287.0,89.3,104.0,98.0,81.0,35.57,9312.0,712.0,254.0,42.0,36.0,0.76,0.56,0.65,1.1,1.2,0.93,0.9,-1.0,Typical,Reintegration,Progressive reintegration: reduced external load is expected rather than unexpected,True,72.0,72.0,Underexposed,Very low HSR exposure; Reduced sprint exposure
P22,Player 22,ST,6,20065.0,1372.0,387.0,1483.0,111.0,100.0,32.0,90.0,2026-08-28,79.0,1808.0,6793.0,24586.0,1623.0,487.0,1.06,2.0,2.0,27.0,21378.0,1514.0,362.0,1287.0,89.3,104.0,98.0,81.0,35.57,9312.0,712.0,254.0,42.0,36.0,0.94,0.91,1.07,1.15,1.93,1.52,0.9,-2.0,Typical,Return to full training,Exposure has returned towards the player's usual preparation profile,False,94.0,94.0,Ready,Exposure aligned with individual baseline
P22,Player 22,ST,7,20590.0,1219.0,357.0,1186.0,113.0,90.0,31.82,89.5,2026-09-04,80.0,1427.0,6546.0,26612.0,1487.0,432.0,0.87,2.0,9.0,34.0,21378.0,1514.0,362.0,1287.0,89.3,104.0,98.0,81.0,35.57,9312.0,712.0,254.0,42.0,36.0,0.96,0.81,0.99,0.92,1.71,1.41,0.89,-1.0,Typical,Full training,Normal squad training plan,False,94.0,94.0,Ready,Exposure aligned with individual baseline
P22,Player 22,ST,8,21013.0,1354.0,320.0,1484.0,99.0,92.0,30.78,86.5,2026-09-11,73.0,1821.0,6778.0,27279.0,1718.0,392.0,1.07,2.0,16.0,41.0,21378.0,1514.0,362.0,1287.0,89.3,104.0,98.0,81.0,35.57,9312.0,712.0,254.0,42.0,36.0,0.98,0.89,0.88,1.15,1.9,1.26,0.87,-8.0,Typical,Full training,Normal squad training plan,False,91.0,91.0,Monitor,Limited recent >90% Vmax exposure; Wellness below individual baseline
P23,Player 23,ST,1,21770.0,1307.0,374.0,1257.0,106.0,105.0,31.41,90.0,2026-07-24,78.0,1257.0,1257.0,21770.0,1307.0,374.0,,2.0,2.0,,21770.0,1307.0,374.0,1393.0,90.0,106.0,105.0,78.0,34.91,9790.0,662.0,252.0,44.0,42.0,1.0,1.0,1.0,0.9,1.97,1.48,0.9,0.0,Typical,Full training,Normal squad training plan,False,100.0,100.0,Baseline,Baseline acquisition period
P23,Player 23,ST,2,20993.0,1383.0,347.0,1393.0,102.0,104.0,31.43,90.0,2026-07-31,73.0,1642.0,2899.0,27557.0,1644.0,411.0,,2.0,2.0,,21770.0,1307.0,374.0,1393.0,90.0,106.0,105.0,78.0,34.91,9790.0,662.0,252.0,44.0,42.0,0.96,1.06,0.93,1.0,2.09,1.38,0.9,-5.0,Typical,Full training,Normal squad training plan,False,95.0,95.0,Baseline,Baseline acquisition period
P23,Player 23,ST,3,22153.0,1169.0,421.0,1485.0,112.0,108.0,32.17,92.1,2026-08-07,82.0,1757.0,4656.0,28060.0,1481.0,466.0,,2.0,2.0,,21770.0,1307.0,374.0,1393.0,90.0,106.0,105.0,78.0,34.91,9790.0,662.0,252.0,44.0,42.0,1.02,0.89,1.13,1.07,1.77,1.67,0.92,4.0,Typical,Full training,Normal squad training plan,False,91.0,91.0,Baseline,Baseline acquisition period
P23,Player 23,ST,4,21802.0,1285.0,376.0,1441.0,120.0,104.0,32.99,94.5,2026-08-14,75.0,2299.0,6955.0,32137.0,1962.0,687.0,,2.0,2.0,6.0,21770.0,1307.0,374.0,1393.0,90.0,106.0,105.0,78.0,34.91,9790.0,662.0,252.0,44.0,42.0,1.0,0.98,1.01,1.03,1.94,1.49,0.95,-3.0,Typical,Full training,Normal squad training plan,False,99.0,99.0,Ready,Exposure aligned with individual baseline
P23,Player 23,ST,5,20747.0,1365.0,316.0,1271.0,111.0,104.0,30.48,87.3,2026-08-21,77.0,2113.0,7811.0,32401.0,1971.0,496.0,1.08,2.0,6.0,13.0,21770.0,1307.0,374.0,1393.0,90.0,106.0,105.0,78.0,34.91,9790.0,662.0,252.0,44.0,42.0,0.95,1.04,0.84,0.91,2.06,1.25,0.87,-1.0,Typical,Full training,Normal squad training plan,False,90.0,90.0,Monitor,Reduced sprint exposure
P23,Player 23,ST,6,21936.0,1341.0,417.0,1399.0,99.0,111.0,34.37,98.5,2026-08-28,79.0,1701.0,7870.0,28476.0,1583.0,472.0,0.86,2.0,2.0,2.0,21770.0,1307.0,374.0,1393.0,90.0,106.0,105.0,78.0,34.91,9790.0,662.0,252.0,44.0,42.0,1.01,1.03,1.11,1.0,2.03,1.65,0.98,1.0,Typical,Full training,Normal squad training plan,False,94.0,94.0,Ready,Exposure aligned with individual baseline
P23,Player 23,ST,7,20924.0,1211.0,374.0,1578.0,105.0,98.0,32.31,92.6,2026-09-04,80.0,1894.0,8007.0,27609.0,1510.0,453.0,0.95,2.0,2.0,9.0,21770.0,1307.0,374.0,1393.0,90.0,106.0,105.0,78.0,34.91,9790.0,662.0,252.0,44.0,42.0,0.96,0.93,1.0,1.13,1.83,1.48,0.93,2.0,Typical,Full training,Normal squad training plan,False,98.0,98.0,Ready,Exposure aligned with individual baseline
P23,Player 23,ST,8,21515.0,1308.0,409.0,1331.0,114.0,108.0,29.76,85.3,2026-09-11,74.0,2119.0,7827.0,31954.0,1906.0,673.0,1.08,3.0,6.0,16.0,21770.0,1307.0,374.0,1393.0,90.0,106.0,105.0,78.0,34.91,9790.0,662.0,252.0,44.0,42.0,0.99,1.0,1.09,0.96,1.98,1.62,0.85,-4.0,Typical,Full training,Normal squad training plan,False,94.0,94.0,Ready,Exposure aligned with individual baseline
P24,Player 24,ST,1,25250.0,1618.0,409.0,1286.0,98.0,102.0,33.8,93.9,2026-07-24,75.0,1286.0,1286.0,25250.0,1618.0,409.0,,2.0,2.0,,25250.0,1618.0,379.0,1321.0,89.3,98.0,102.0,79.0,36.0,11342.0,775.0,252.0,37.0,41.0,1.0,1.0,1.08,0.97,2.09,1.62,0.94,-4.0,Typical,Full training,Normal squad training plan,False,96.0,96.0,Baseline,Baseline acquisition period
P24,Player 24,ST,2,25818.0,1728.0,339.0,1321.0,97.0,98.0,32.14,89.3,2026-07-31,79.0,1638.0,2924.0,33119.0,2095.0,397.0,,2.0,9.0,,25250.0,1618.0,379.0,1321.0,89.3,98.0,102.0,79.0,36.0,11342.0,775.0,252.0,37.0,41.0,1.02,1.07,0.89,1.0,2.23,1.35,0.89,0.0,Typical,Full training,Normal squad training plan,False,93.0,93.0,Baseline,Baseline acquisition period
P24,Player 24,ST,3,24395.0,1542.0,379.0,1365.0,101.0,106.0,30.43,84.5,2026-08-07,80.0,1529.0,4453.0,28901.0,1687.0,413.0,,6.0,6.0,,25250.0,1618.0,379.0,1321.0,89.3,98.0,102.0,79.0,36.0,11342.0,775.0,252.0,37.0,41.0,0.97,0.95,1.0,1.03,1.99,1.5,0.85,1.0,Typical,Full training,Normal squad training plan,False,97.0,97.0,Baseline,Baseline acquisition period
P24,Player 24,ST,4,26175.0,1530.0,348.0,1337.0,93.0,102.0,33.64,93.5,2026-08-14,80.0,1653.0,6106.0,34080.0,1990.0,484.0,,2.0,2.0,,25250.0,1618.0,379.0,1321.0,89.3,98.0,102.0,79.0,36.0,11342.0,775.0,252.0,37.0,41.0,1.04,0.95,0.92,1.01,1.97,1.38,0.93,1.0,Typical,Full training,Normal squad training plan,False,95.0,95.0,Ready,Exposure aligned with individual baseline
P24,Player 24,ST,5,24955.0,1558.0,372.0,1524.0,89.0,100.0,34.63,96.2,2026-08-21,73.0,1668.0,6488.0,29093.0,1694.0,415.0,1.03,2.0,2.0,2.0,25250.0,1618.0,379.0,1321.0,89.3,98.0,102.0,79.0,36.0,11342.0,775.0,252.0,37.0,41.0,0.99,0.96,0.98,1.15,2.01,1.48,0.96,-6.0,Typical,Full training,Normal squad training plan,False,98.0,98.0,Ready,Exposure aligned with individual baseline
P24,Player 24,ST,6,25416.0,1404.0,446.0,1305.0,91.0,98.0,35.15,97.6,2026-08-28,81.0,1977.0,6827.0,37422.0,2269.0,719.0,1.16,2.0,2.0,2.0,25250.0,1618.0,379.0,1321.0,89.3,98.0,102.0,79.0,36.0,11342.0,775.0,252.0,37.0,41.0,1.01,0.87,1.18,0.99,1.81,1.77,0.98,2.0,Typical,Full training,Normal squad training plan,False,88.0,88.0,Ready,Exposure aligned with individual baseline
P24,Player 24,ST,7,26426.0,1533.0,394.0,1415.0,90.0,95.0,33.6,93.3,2026-09-04,74.0,1855.0,7153.0,33802.0,1797.0,454.0,1.04,2.0,2.0,9.0,25250.0,1618.0,379.0,1321.0,89.3,98.0,102.0,79.0,36.0,11342.0,775.0,252.0,37.0,41.0,1.05,0.95,1.04,1.07,1.98,1.56,0.93,-5.0,Typical,Full training,Normal squad training plan,False,97.0,97.0,Ready,Exposure aligned with individual baseline
P24,Player 24,ST,8,25914.0,1630.0,381.0,1389.0,92.0,119.0,34.54,95.9,2026-09-11,81.0,1769.0,7269.0,35084.0,2091.0,477.0,0.97,2.0,2.0,2.0,25250.0,1618.0,379.0,1321.0,89.3,98.0,102.0,79.0,36.0,11342.0,775.0,252.0,37.0,41.0,1.03,1.01,1.01,1.05,2.1,1.51,0.96,2.0,Typical,Full training,Normal squad training plan,False,100.0,100.0,Ready,Exposure aligned with individual baseline
