match_id,date_time,team,opponent,player_id,player_name,position,skillcorner_position,minutes,tracked_minutes,hsr_m,sprint_m,hsr_m_per90,sprint_m_per90,speed_p99_kmh,speed_max_kmh
1874553,2024-11-23T06:00:00Z,Adelaide United,Brisbane FC,26766,B. Vriends,CB,Central Defender,100.46,72.69,312.3,125.2,279.8,112.2,21.84,28.56
1874553,2024-11-23T06:00:00Z,Brisbane FC,Adelaide United,51050,B. Warland,CB,Central Defender,100.46,72.69,444.8,104.0,398.5,93.2,22.07,37.24
1874553,2024-11-23T06:00:00Z,Brisbane FC,Adelaide United,69111,H. Bility,CB,Central Defender,100.46,72.69,505.2,264.9,452.6,237.4,24.06,31.18
1874553,2024-11-23T06:00:00Z,Adelaide United,Brisbane FC,809759,P. Kikianis,CB,Central Defender,100.46,72.69,200.4,27.4,179.5,24.6,19.53,28.6
1874553,2024-11-23T06:00:00Z,Adelaide United,Brisbane FC,560893,E. Alagich,CM,Midfield,100.46,72.69,511.4,159.3,458.1,142.7,22.48,31.63
1874553,2024-11-23T06:00:00Z,Adelaide United,Brisbane FC,50949,J. Barnett,CM,Midfield,92.73,67.79,360.5,76.0,349.9,73.8,21.84,28.87
1874553,2024-11-23T06:00:00Z,Brisbane FC,Adelaide United,51002,J. O'Shea,CM,Midfield,100.46,72.69,380.7,128.5,341.1,115.1,22.28,29.29
1874553,2024-11-23T06:00:00Z,Adelaide United,Brisbane FC,50959,S. Mauk,CM,Midfield,70.4,52.13,532.3,76.6,680.5,98.0,23.52,27.98
1874553,2024-11-23T06:00:00Z,Brisbane FC,Adelaide United,287934,Walid Shour,CM,Midfield,84.75,61.96,537.9,123.6,571.2,131.2,22.68,29.55
1874553,2024-11-23T06:00:00Z,Brisbane FC,Adelaide United,560983,A. Burke-Gilroy,FB,Full Back,100.46,72.69,602.3,204.2,539.6,183.0,23.45,31.77
1874553,2024-11-23T06:00:00Z,Brisbane FC,Adelaide United,50994,C. Brown,FB,Full Back,84.75,61.96,550.0,93.7,584.1,99.5,22.98,33.26
1874553,2024-11-23T06:00:00Z,Adelaide United,Brisbane FC,51005,D. Pierias,FB,Full Back,100.46,72.69,505.0,311.9,452.4,279.5,24.47,39.84
1874553,2024-11-23T06:00:00Z,Adelaide United,Brisbane FC,23925,R. Kitto,FB,Full Back,100.46,72.69,591.5,180.4,529.9,161.6,23.42,31.73
1874553,2024-11-23T06:00:00Z,Brisbane FC,Adelaide United,795537,T. Waddingham,ST,Center Forward,71.6,52.31,210.2,107.3,264.2,134.9,21.52,30.84
1874553,2024-11-23T06:00:00Z,Brisbane FC,Adelaide United,50966,B. Halloran,W,Wide Attacker,71.6,52.31,299.4,122.3,376.4,153.8,22.22,31.82
1874553,2024-11-23T06:00:00Z,Brisbane FC,Adelaide United,560986,K. Jelacic,W,Wide Attacker,100.46,72.69,731.9,170.9,655.7,153.1,23.62,30.28
1874553,2024-11-23T06:00:00Z,Adelaide United,Brisbane FC,42513,Z. Clough,W,Wide Attacker,80.08,58.45,436.1,54.4,490.1,61.2,22.0,30.12
1886347,2024-11-30T04:00:00Z,Newcastle,Auckland FC,51649,A. Šušnjar,CB,Central Defender,98.4,71.35,293.9,84.8,268.8,77.6,21.27,30.22
1886347,2024-11-30T04:00:00Z,Auckland FC,Newcastle,51667,D. Hall,CB,Central Defender,98.4,71.35,250.0,98.8,228.6,90.4,20.8,30.94
1886347,2024-11-30T04:00:00Z,Auckland FC,Newcastle,33697,N. Pijnaker,CB,Central Defender,98.4,71.35,245.8,84.0,224.9,76.9,20.76,31.0
1886347,2024-11-30T04:00:00Z,Newcastle,Auckland FC,176224,P. Cancar,CB,Central Defender,98.4,71.35,311.5,160.9,284.9,147.1,22.07,32.67
1886347,2024-11-30T04:00:00Z,Newcastle,Auckland FC,50978,C. Timmins,CM,Midfield,86.26,64.59,538.3,115.0,561.7,119.9,22.52,33.49
1886347,2024-11-30T04:00:00Z,Auckland FC,Newcastle,23418,F. Gallegos,CM,Midfield,98.4,71.35,1161.7,177.3,1062.5,162.1,24.0,30.97
1886347,2024-11-30T04:00:00Z,Newcastle,Auckland FC,735574,K. Grozos,CM,Midfield,98.4,71.35,367.1,102.1,335.7,93.4,21.8,30.5
1886347,2024-11-30T04:00:00Z,Newcastle,Auckland FC,795507,L. Bayliss,CM,Midfield,61.55,50.35,443.5,101.4,648.5,148.3,23.26,27.37
1886347,2024-11-30T04:00:00Z,Auckland FC,Newcastle,14736,L. Verstraete,CM,Midfield,98.4,71.35,684.9,45.2,626.4,41.4,22.61,27.31
1886347,2024-11-30T04:00:00Z,Auckland FC,Newcastle,51713,C. Elliott,FB,Full Back,98.4,71.35,643.1,155.8,588.2,142.5,23.25,35.17
1886347,2024-11-30T04:00:00Z,Newcastle,Auckland FC,50983,D. Ingham,FB,Full Back,98.4,71.35,526.6,187.9,481.7,171.9,23.5,29.85
1886347,2024-11-30T04:00:00Z,Auckland FC,Newcastle,133498,F. De Vries,FB,Full Back,98.4,71.35,695.3,115.2,636.0,105.4,22.98,29.14
1886347,2024-11-30T04:00:00Z,Newcastle,Auckland FC,735578,M. Natta,FB,Full Back,98.4,71.35,465.4,153.5,425.7,140.4,22.97,31.47
1886347,2024-11-30T04:00:00Z,Newcastle,Auckland FC,966120,B. Gibson,ST,Center Forward,69.02,53.76,449.7,108.1,586.4,141.0,22.93,30.56
1886347,2024-11-30T04:00:00Z,Auckland FC,Newcastle,38673,G. May,ST,Center Forward,86.65,64.59,666.4,128.5,692.1,133.5,23.32,32.25
1886347,2024-11-30T04:00:00Z,Auckland FC,Newcastle,50951,J. Brimmer,ST,Center Forward,77.91,58.91,639.5,184.4,738.8,213.0,24.05,37.02
1886347,2024-11-30T04:00:00Z,Newcastle,Auckland FC,795505,E. Adams,W,Wide Attacker,86.26,64.6,717.4,127.8,748.5,133.3,23.42,39.89
1886347,2024-11-30T04:00:00Z,Auckland FC,Newcastle,965685,L. Gillion,W,Wide Attacker,98.4,71.32,726.1,291.6,664.1,266.7,24.53,40.88
1886347,2024-11-30T04:00:00Z,Auckland FC,Newcastle,133501,L. Rogerson,W,Wide Attacker,71.18,54.73,772.4,116.2,976.6,146.9,23.4,30.73
1886347,2024-11-30T04:00:00Z,Newcastle,Auckland FC,735573,T. Aquilina,W,Wide Attacker,98.4,71.35,921.3,203.6,842.7,186.2,24.02,30.47
1899585,2024-12-07T04:00:00Z,Auckland FC,Wellington P FC,51667,D. Hall,CB,Central Defender,100.85,66.58,397.0,115.2,354.3,102.8,21.96,35.43
1899585,2024-12-07T04:00:00Z,Wellington P FC,Auckland FC,698137,I. Hughes,CB,Central Defender,100.85,66.58,287.3,47.4,256.4,42.3,20.63,35.82
1899585,2024-12-07T04:00:00Z,Wellington P FC,Auckland FC,799092,M. Sheridan,CB,Central Defender,100.85,66.56,516.4,122.0,460.9,108.8,22.85,41.33
1899585,2024-12-07T04:00:00Z,Auckland FC,Wellington P FC,33697,N. Pijnaker,CB,Central Defender,100.85,66.58,338.4,151.4,302.0,135.1,22.47,31.35
1899585,2024-12-07T04:00:00Z,Wellington P FC,Auckland FC,42510,S. Wootton,CB,Central Defender,100.85,66.58,171.1,44.5,152.7,39.7,19.48,32.58
1899585,2024-12-07T04:00:00Z,Wellington P FC,Auckland FC,51015,A. Rufer,CM,Midfield,100.85,66.58,384.0,33.7,342.6,30.1,21.25,31.28
1899585,2024-12-07T04:00:00Z,Auckland FC,Wellington P FC,133495,C. Howieson,CM,Midfield,79.16,49.87,614.0,97.9,698.1,111.4,23.49,27.77
1899585,2024-12-07T04:00:00Z,Auckland FC,Wellington P FC,23418,F. Gallegos,CM,Midfield,100.85,66.58,814.8,277.1,727.1,247.3,24.72,31.73
1899585,2024-12-07T04:00:00Z,Wellington P FC,Auckland FC,51046,P. Retre,CM,Midfield,64.75,43.33,439.5,23.2,610.8,32.2,22.21,27.9
1899585,2024-12-07T04:00:00Z,Auckland FC,Wellington P FC,133498,F. De Vries,FB,Full Back,100.85,66.58,499.6,262.9,445.8,234.6,24.48,36.02
1899585,2024-12-07T04:00:00Z,Auckland FC,Wellington P FC,4322,H. Sakai,FB,Full Back,100.85,66.58,532.5,192.8,475.2,172.0,23.44,29.94
1899585,2024-12-07T04:00:00Z,Wellington P FC,Auckland FC,51028,S. Sutton,FB,Full Back,99.2,65.99,454.8,153.6,412.6,139.3,22.95,40.27
1899585,2024-12-07T04:00:00Z,Wellington P FC,Auckland FC,51017,T. Payne,FB,Full Back,64.75,43.33,332.3,230.9,461.9,321.0,25.5,30.55
1899585,2024-12-07T04:00:00Z,Auckland FC,Wellington P FC,38673,G. May,ST,Center Forward,100.85,66.58,631.8,203.8,563.8,181.9,23.93,32.05
1899585,2024-12-07T04:00:00Z,Auckland FC,Wellington P FC,50951,J. Brimmer,ST,Center Forward,73.1,49.97,377.8,65.4,465.2,80.5,22.28,40.7
1899585,2024-12-07T04:00:00Z,Wellington P FC,Auckland FC,27003,K. Nagasawa,ST,Center Forward,84.33,55.61,569.5,152.6,607.8,162.8,23.71,28.95
1899585,2024-12-07T04:00:00Z,Wellington P FC,Auckland FC,26969,H. Ishige,W,Wide Attacker,100.85,66.58,727.3,132.4,649.0,118.2,23.8,38.12
1899585,2024-12-07T04:00:00Z,Wellington P FC,Auckland FC,23909,K. Barbarouses,W,Wide Attacker,100.85,66.58,526.4,335.7,469.7,299.6,25.46,30.45
1899585,2024-12-07T04:00:00Z,Auckland FC,Wellington P FC,965685,L. Gillion,W,Wide Attacker,62.65,42.21,553.4,88.7,794.9,127.4,23.53,26.74
1899585,2024-12-07T04:00:00Z,Auckland FC,Wellington P FC,133501,L. Rogerson,W,Wide Attacker,62.65,42.21,506.9,178.4,728.2,256.3,24.9,29.83
1925299,2024-12-21T06:00:00Z,Perth Glory,Brisbane FC,809166,A. Lebib,CB,Central Defender,102.13,79.02,123.5,20.5,108.8,18.1,18.45,26.2
1925299,2024-12-21T06:00:00Z,Brisbane FC,Perth Glory,69111,H. Bility,CB,Central Defender,69.03,53.96,165.8,28.2,216.2,36.8,19.9,31.76
1925299,2024-12-21T06:00:00Z,Brisbane FC,Perth Glory,965697,L. Herrington,CB,Central Defender,102.13,79.02,195.3,9.1,172.1,8.1,19.37,25.75
1925299,2024-12-21T06:00:00Z,Perth Glory,Brisbane FC,560989,T. Mrčela,CB,Central Defender,102.13,79.02,89.1,12.0,78.5,10.6,17.55,30.23
1925299,2024-12-21T06:00:00Z,Brisbane FC,Perth Glory,560882,F. Bérenguer,CM,Midfield,72.1,57.26,336.5,48.7,420.0,60.8,21.82,28.86
1925299,2024-12-21T06:00:00Z,Brisbane FC,Perth Glory,51002,J. O'Shea,CM,Midfield,102.13,79.02,518.5,28.7,456.9,25.2,21.89,37.7
1925299,2024-12-21T06:00:00Z,Perth Glory,Brisbane FC,795530,N. Pennington,CM,Midfield,102.13,79.02,420.6,49.2,370.6,43.4,21.28,33.39
1925299,2024-12-21T06:00:00Z,Perth Glory,Brisbane FC,51694,T. Gomulka,CM,Midfield,102.13,79.02,403.8,27.7,355.9,24.4,20.84,26.73
1925299,2024-12-21T06:00:00Z,Brisbane FC,Perth Glory,287934,Walid Shour,CM,Midfield,102.13,79.02,413.7,118.8,364.6,104.7,21.98,37.67
1925299,2024-12-21T06:00:00Z,Brisbane FC,Perth Glory,560983,A. Burke-Gilroy,FB,Full Back,102.13,79.02,452.8,172.1,399.0,151.7,22.24,35.33
1925299,2024-12-21T06:00:00Z,Brisbane FC,Perth Glory,51043,H. Van Der Saag,FB,Full Back,72.1,57.26,380.2,63.9,474.5,79.8,21.81,31.48
1925299,2024-12-21T06:00:00Z,Perth Glory,Brisbane FC,11897,J. Risdon,FB,Full Back,102.13,79.02,259.9,63.2,229.0,55.7,20.27,37.26
1925299,2024-12-21T06:00:00Z,Perth Glory,Brisbane FC,50982,R. Warland,FB,Full Back,85.36,65.67,301.4,141.4,317.8,149.1,22.19,32.66
1925299,2024-12-21T06:00:00Z,Perth Glory,Brisbane FC,966112,A. Bugarija,ST,Center Forward,67.75,54.04,242.2,19.0,321.7,25.3,20.37,41.31
1925299,2024-12-21T06:00:00Z,Perth Glory,Brisbane FC,560984,D. Williams,ST,Center Forward,99.1,76.0,367.5,25.8,333.7,23.4,20.91,26.9
1925299,2024-12-21T06:00:00Z,Brisbane FC,Perth Glory,795537,T. Waddingham,ST,Center Forward,102.13,79.02,464.1,94.7,409.0,83.5,21.85,28.02
1925299,2024-12-21T06:00:00Z,Perth Glory,Brisbane FC,966114,A. Faisal,W,Wide Attacker,67.75,54.04,516.0,144.9,685.4,192.4,23.69,31.65
1925299,2024-12-21T06:00:00Z,Brisbane FC,Perth Glory,797298,A. Zimarino,W,Wide Attacker,72.1,57.26,448.9,67.6,560.3,84.3,21.93,28.06
1925299,2024-12-21T06:00:00Z,Brisbane FC,Perth Glory,560986,K. Jelacic,W,Wide Attacker,89.55,69.16,598.6,152.2,601.6,153.0,23.64,29.64
1925299,2024-12-21T06:00:00Z,Perth Glory,Brisbane FC,560987,T. Ostler,W,Wide Attacker,67.75,54.04,455.1,109.6,604.5,145.6,23.14,34.47
1927964,2024-12-22T06:00:00Z,Western Sydney,Wellington P FC,560990,A. Bonetig,CB,Central Defender,98.42,73.58,248.9,70.3,227.6,64.3,20.55,29.57
1927964,2024-12-22T06:00:00Z,Wellington P FC,Western Sydney,957734,C. Piper,CB,Central Defender,98.42,73.58,285.7,112.3,261.3,102.7,21.4,30.3
1927964,2024-12-22T06:00:00Z,Western Sydney,Wellington P FC,957034,D. Pelekanos,CB,Central Defender,98.42,73.58,297.5,57.0,272.1,52.1,20.87,30.88
1927964,2024-12-22T06:00:00Z,Wellington P FC,Western Sydney,698137,I. Hughes,CB,Central Defender,76.95,59.43,347.7,108.7,406.6,127.1,22.19,30.73
1927964,2024-12-22T06:00:00Z,Wellington P FC,Western Sydney,42510,S. Wootton,CB,Central Defender,98.42,73.58,177.6,40.1,162.4,36.7,19.22,31.32
1927964,2024-12-22T06:00:00Z,Wellington P FC,Western Sydney,51015,A. Rufer,CM,Midfield,98.42,73.58,385.4,30.8,352.5,28.1,21.39,27.74
1927964,2024-12-22T06:00:00Z,Western Sydney,Wellington P FC,795524,D. Scicluna,CM,Midfield,98.42,73.58,321.2,132.1,293.7,120.8,21.47,31.11
1927964,2024-12-22T06:00:00Z,Western Sydney,Wellington P FC,5468,J. Brillante,CM,Midfield,79.06,61.5,364.3,74.4,414.7,84.7,21.85,28.09
1927964,2024-12-22T06:00:00Z,Wellington P FC,Western Sydney,27003,K. Nagasawa,CM,Midfield,76.95,59.43,206.0,2.1,241.0,2.4,19.96,25.1
1927964,2024-12-22T06:00:00Z,Western Sydney,Wellington P FC,33430,G. Cléùr,FB,Full Back,98.42,73.58,639.0,204.1,584.4,186.7,23.68,30.46
1927964,2024-12-22T06:00:00Z,Western Sydney,Wellington P FC,51664,J. Clisby,FB,Full Back,86.76,66.97,542.1,143.7,562.3,149.0,23.06,39.07
1927964,2024-12-22T06:00:00Z,Wellington P FC,Western Sydney,51017,T. Payne,FB,Full Back,98.42,73.58,641.5,324.4,586.6,296.7,24.88,31.15
1927964,2024-12-22T06:00:00Z,Western Sydney,Wellington P FC,19052,B. Borrello,ST,Center Forward,79.06,61.5,544.2,193.5,619.5,220.3,23.96,31.1
1927964,2024-12-22T06:00:00Z,Wellington P FC,Western Sydney,26969,H. Ishige,ST,Center Forward,76.95,59.43,465.4,95.2,544.3,111.3,22.96,33.88
1927964,2024-12-22T06:00:00Z,Wellington P FC,Western Sydney,23909,K. Barbarouses,ST,Center Forward,98.42,73.58,474.6,152.0,434.0,139.0,23.07,31.97
1927964,2024-12-22T06:00:00Z,Western Sydney,Wellington P FC,795526,Z. Sapsford,ST,Center Forward,66.02,52.41,479.2,102.0,653.3,139.1,22.76,29.46
1927964,2024-12-22T06:00:00Z,Western Sydney,Wellington P FC,13542,B. Kraev,W,Wide Attacker,66.02,52.41,492.5,154.9,671.4,211.2,23.97,29.56
1927964,2024-12-22T06:00:00Z,Western Sydney,Wellington P FC,51036,Nicolas Milanovic,W,Wide Attacker,98.42,73.58,544.0,185.9,497.5,170.0,23.59,29.61
1953632,2024-12-31T08:00:00Z,CC Mariners,Melbourne City,795510,B. Kaltak,CB,Central Defender,98.72,72.0,322.6,52.1,294.1,47.5,21.27,27.61
1953632,2024-12-31T08:00:00Z,Melbourne City,CC Mariners,50992,K. Trewin,CB,Central Defender,98.72,72.0,358.9,101.4,327.2,92.5,21.95,29.81
1953632,2024-12-31T08:00:00Z,CC Mariners,Melbourne City,795511,N. Paull,CB,Central Defender,98.72,72.0,290.8,43.5,265.1,39.6,20.58,30.18
1953632,2024-12-31T08:00:00Z,Melbourne City,CC Mariners,9520,S. Souprayen,CB,Central Defender,98.72,72.0,214.7,37.7,195.7,34.4,19.85,28.68
1953632,2024-12-31T08:00:00Z,CC Mariners,Melbourne City,10549,T. Sainsbury,CB,Central Defender,76.86,57.65,249.2,135.1,291.9,158.1,22.62,29.19
1953632,2024-12-31T08:00:00Z,CC Mariners,Melbourne City,29856,A. McCalmont,CM,Midfield,98.72,72.0,344.1,26.5,313.7,24.1,20.67,26.71
1953632,2024-12-31T08:00:00Z,CC Mariners,Melbourne City,795508,H. Steele,CM,Midfield,87.28,63.2,363.8,30.6,375.2,31.5,21.09,26.4
1953632,2024-12-31T08:00:00Z,Melbourne City,CC Mariners,104563,N. Atkinson,CM,Midfield,98.72,72.01,642.8,201.8,586.0,183.9,24.04,32.57
1953632,2024-12-31T08:00:00Z,Melbourne City,CC Mariners,51681,S. Ugarković,CM,Midfield,98.72,72.0,510.3,60.7,465.2,55.3,21.79,31.49
1953632,2024-12-31T08:00:00Z,Melbourne City,CC Mariners,771861,Z. Schreiber,CM,Midfield,76.96,57.74,443.2,44.5,518.3,52.1,21.64,27.91
1953632,2024-12-31T08:00:00Z,Melbourne City,CC Mariners,11891,A. Behich,FB,Full Back,98.72,72.0,274.8,88.4,250.6,80.6,20.9,29.1
1953632,2024-12-31T08:00:00Z,Melbourne City,CC Mariners,51051,C. Talbot,FB,Full Back,98.72,72.0,498.5,135.7,454.4,123.7,22.62,36.93
1953632,2024-12-31T08:00:00Z,CC Mariners,Melbourne City,23930,S. Roux,FB,Full Back,98.72,72.0,609.3,154.1,555.5,140.5,23.29,32.86
1953632,2024-12-31T08:00:00Z,CC Mariners,Melbourne City,51668,A. Kuol,ST,Center Forward,98.72,72.01,413.4,206.1,376.9,187.9,22.75,31.07
1953632,2024-12-31T08:00:00Z,Melbourne City,CC Mariners,795151,M. Memeti,ST,Center Forward,90.22,65.25,530.5,144.9,529.3,144.6,23.11,34.46
1953632,2024-12-31T08:00:00Z,Melbourne City,CC Mariners,771857,H. Politidis,W,Wide Attacker,76.96,57.74,535.5,161.7,626.2,189.1,24.06,32.56
1953632,2024-12-31T08:00:00Z,CC Mariners,Melbourne City,34423,Mikael Doka,W,Wide Attacker,98.72,72.0,549.8,183.9,501.3,167.7,22.91,34.79
1959846,2025-01-10T08:35:00Z,Melbourne V FC,Western United,51013,B. Hamill,CB,Central Defender,97.55,70.12,382.4,51.6,352.8,47.6,21.59,31.56
1959846,2025-01-10T08:35:00Z,Western United,Melbourne V FC,957737,D. Leonard,CB,Central Defender,97.55,70.11,483.5,62.4,446.1,57.6,22.2,28.14
1959846,2025-01-10T08:35:00Z,Melbourne V FC,Western United,9175,Roderick Miranda,CB,Central Defender,97.55,70.12,363.7,72.9,335.5,67.3,21.45,32.61
1959846,2025-01-10T08:35:00Z,Western United,Melbourne V FC,51008,T. Imai,CB,Central Defender,97.55,70.11,468.2,86.6,432.0,79.9,22.39,29.07
1959846,2025-01-10T08:35:00Z,Western United,Melbourne V FC,51675,A. Thurgate,CM,Midfield,97.55,70.11,662.7,205.4,611.4,189.5,23.89,32.21
1959846,2025-01-10T08:35:00Z,Melbourne V FC,Western United,159688,J. Valadon,CM,Midfield,97.55,70.11,395.5,92.5,364.9,85.4,21.71,28.89
1959846,2025-01-10T08:35:00Z,Western United,Melbourne V FC,560917,R. Bozinovski,CM,Midfield,76.38,55.45,551.0,190.8,649.2,224.8,24.45,31.28
1959846,2025-01-10T08:35:00Z,Melbourne V FC,Western United,157294,R. Teague,CM,Midfield,97.55,70.11,489.9,143.6,452.0,132.5,22.59,31.6
1959846,2025-01-10T08:35:00Z,Melbourne V FC,Western United,218,A. Traoré,FB,Full Back,76.48,55.5,402.8,149.1,474.0,175.4,23.48,30.93
1959846,2025-01-10T08:35:00Z,Western United,Melbourne V FC,23922,B. Garuccio,FB,Full Back,97.55,70.11,847.3,207.8,781.7,191.7,24.3,30.17
1959846,2025-01-10T08:35:00Z,Melbourne V FC,Western United,23884,J. Geria,FB,Full Back,97.55,70.11,480.2,260.0,443.0,239.9,24.36,32.85
1959846,2025-01-10T08:35:00Z,Western United,Melbourne V FC,795520,T. Russell,FB,Full Back,97.55,70.11,787.8,271.2,726.8,250.2,24.42,33.13
1959846,2025-01-10T08:35:00Z,Melbourne V FC,Western United,50979,B. Fornaroli,ST,Center Forward,76.48,55.5,374.6,146.2,440.8,172.1,23.21,35.72
1959846,2025-01-10T08:35:00Z,Western United,Melbourne V FC,26994,H. Ibusuki,ST,Center Forward,97.55,70.11,436.2,122.3,402.5,112.8,22.46,40.27
1959846,2025-01-10T08:35:00Z,Western United,Melbourne V FC,560916,N. Botić,ST,Center Forward,97.55,70.11,617.6,247.9,569.8,228.7,24.25,30.46
1959846,2025-01-10T08:35:00Z,Melbourne V FC,Western United,11117,Z. Machach,ST,Center Forward,87.83,63.48,427.3,80.5,437.8,82.5,22.45,30.39
1959846,2025-01-10T08:35:00Z,Western United,Melbourne V FC,818554,A. Walatee,W,Wide Attacker,79.25,58.03,375.3,214.5,426.3,243.6,24.16,32.43
1959846,2025-01-10T08:35:00Z,Melbourne V FC,Western United,11885,D. Arzani,W,Wide Attacker,76.48,55.5,611.2,307.5,719.3,361.8,25.45,32.36
1959846,2025-01-10T08:35:00Z,Western United,Melbourne V FC,811052,L. Vickery,W,Wide Attacker,79.25,58.01,754.9,381.0,857.3,432.7,25.78,41.19
1959846,2025-01-10T08:35:00Z,Melbourne V FC,Western United,51714,R. Piscopo,W,Wide Attacker,67.3,49.06,560.6,251.3,749.7,336.0,25.27,35.47
1986691,2025-01-26T06:00:00Z,Western Sydney,Auckland FC,560990,A. Bonetig,CB,Central Defender,98.45,70.43,133.9,124.9,122.4,114.2,19.53,38.75
1986691,2025-01-26T06:00:00Z,Western Sydney,Auckland FC,5468,J. Brillante,CB,Central Defender,98.45,70.43,135.7,9.2,124.0,8.4,18.54,26.21
1986691,2025-01-26T06:00:00Z,Auckland FC,Western Sydney,33697,N. Pijnaker,CB,Central Defender,98.45,70.41,341.7,259.6,312.4,237.3,23.95,41.15
1986691,2025-01-26T06:00:00Z,Auckland FC,Western Sydney,31147,T. Smith,CB,Central Defender,98.45,70.43,279.1,139.7,255.2,127.7,21.35,31.68
1986691,2025-01-26T06:00:00Z,Auckland FC,Western Sydney,50951,J. Brimmer,CM,Midfield,86.83,63.06,416.1,110.9,431.3,114.9,22.21,31.16
1986691,2025-01-26T06:00:00Z,Western Sydney,Auckland FC,5521,Juan Mata,CM,Midfield,79.41,58.66,334.5,57.4,379.1,65.0,21.32,27.48
1986691,2025-01-26T06:00:00Z,Auckland FC,Western Sydney,14736,L. Verstraete,CM,Midfield,98.45,70.43,494.8,155.2,452.4,141.9,23.13,39.66
1986691,2025-01-26T06:00:00Z,Western Sydney,Auckland FC,795525,O. Priestman,CM,Midfield,79.41,58.65,245.9,76.0,278.7,86.1,20.88,29.73
1986691,2025-01-26T06:00:00Z,Western Sydney,Auckland FC,795523,A. Pantazopoulos,FB,Full Back,98.45,70.43,410.3,184.5,375.0,168.7,23.51,30.49
1986691,2025-01-26T06:00:00Z,Auckland FC,Western Sydney,133498,F. De Vries,FB,Full Back,98.45,70.43,538.0,328.3,491.8,300.1,25.08,30.59
1986691,2025-01-26T06:00:00Z,Auckland FC,Western Sydney,4322,H. Sakai,FB,Full Back,98.45,70.43,449.7,112.0,411.1,102.4,22.54,35.33
1986691,2025-01-26T06:00:00Z,Western Sydney,Auckland FC,51664,J. Clisby,FB,Full Back,98.45,70.43,365.4,108.0,334.0,98.8,22.18,30.05
1986691,2025-01-26T06:00:00Z,Auckland FC,Western Sydney,38673,G. May,ST,Center Forward,86.83,63.07,318.7,34.5,330.4,35.8,21.01,27.64
1986691,2025-01-26T06:00:00Z,Western Sydney,Auckland FC,13567,M. Antonsson,ST,Center Forward,69.23,51.43,361.9,270.3,470.5,351.4,25.46,40.48
1986691,2025-01-26T06:00:00Z,Auckland FC,Western Sydney,163972,M. Mata,ST,Center Forward,68.88,51.43,210.7,55.3,275.4,72.3,20.96,28.71
1986691,2025-01-26T06:00:00Z,Western Sydney,Auckland FC,795526,Z. Sapsford,ST,Center Forward,69.23,51.43,318.8,168.3,414.5,218.8,23.77,33.62
1986691,2025-01-26T06:00:00Z,Western Sydney,Auckland FC,13542,B. Kraev,W,Wide Attacker,91.38,66.25,364.9,142.2,359.4,140.1,22.61,33.76
1986691,2025-01-26T06:00:00Z,Auckland FC,Western Sydney,133501,L. Rogerson,W,Wide Attacker,68.88,51.43,510.4,95.9,667.0,125.3,23.29,28.93
1986691,2025-01-26T06:00:00Z,Western Sydney,Auckland FC,51036,Nicolas Milanovic,W,Wide Attacker,98.45,70.43,439.7,241.2,401.9,220.5,23.86,33.31
1996436,2025-02-01T04:00:00Z,Macarthur FC,Auckland FC,966116,J. Damevski,CB,Central Defender,86.02,60.48,284.0,58.6,297.2,61.3,21.48,36.32
1996436,2025-02-01T04:00:00Z,Auckland FC,Macarthur FC,31147,T. Smith,CB,Central Defender,100.43,70.56,240.6,38.1,215.6,34.1,20.12,38.47
1996436,2025-02-01T04:00:00Z,Macarthur FC,Auckland FC,51006,T. Uskok,CB,Central Defender,100.43,70.56,281.9,44.9,252.6,40.3,20.67,29.5
1996436,2025-02-01T04:00:00Z,Macarthur FC,Auckland FC,970049,F. Deli,CM,Midfield,70.83,52.02,330.8,22.9,420.3,29.1,21.52,27.61
1996436,2025-02-01T04:00:00Z,Auckland FC,Macarthur FC,50951,J. Brimmer,CM,Midfield,76.43,55.49,383.0,86.9,451.0,102.3,22.06,33.63
1996436,2025-02-01T04:00:00Z,Macarthur FC,Auckland FC,51648,J. Hollman,CM,Midfield,93.06,65.51,429.8,154.0,415.7,149.0,22.65,41.2
1996436,2025-02-01T04:00:00Z,Macarthur FC,Auckland FC,51044,L. Brattan,CM,Midfield,100.43,70.56,318.9,50.6,285.8,45.3,20.88,30.08
1996436,2025-02-01T04:00:00Z,Auckland FC,Macarthur FC,14736,L. Verstraete,CM,Midfield,100.43,70.54,382.0,92.5,342.4,82.9,21.28,31.63
1996436,2025-02-01T04:00:00Z,Auckland FC,Macarthur FC,51713,C. Elliott,FB,Full Back,78.3,55.73,285.1,182.2,327.7,209.5,23.64,33.32
1996436,2025-02-01T04:00:00Z,Auckland FC,Macarthur FC,133498,F. De Vries,FB,Full Back,100.43,70.54,636.7,261.3,570.6,234.1,24.36,31.82
1996436,2025-02-01T04:00:00Z,Auckland FC,Macarthur FC,4322,H. Sakai,FB,Full Back,100.43,70.55,249.9,145.9,223.9,130.7,21.49,40.39
1996436,2025-02-01T04:00:00Z,Macarthur FC,Auckland FC,51014,I. Vujica,FB,Full Back,100.43,70.54,522.5,210.1,468.2,188.3,23.98,38.37
1996436,2025-02-01T04:00:00Z,Macarthur FC,Auckland FC,808580,K. Adamson,FB,Full Back,100.43,70.56,533.9,150.7,478.4,135.1,22.57,36.39
1996436,2025-02-01T04:00:00Z,Auckland FC,Macarthur FC,38673,G. May,ST,Center Forward,100.43,70.54,593.7,68.9,532.0,61.7,22.49,27.81
1996436,2025-02-01T04:00:00Z,Auckland FC,Macarthur FC,163972,M. Mata,ST,Center Forward,76.43,55.47,304.0,70.5,358.0,83.1,21.54,29.55
1996436,2025-02-01T04:00:00Z,Macarthur FC,Auckland FC,10623,V. Germain,ST,Center Forward,100.43,70.55,233.2,75.9,209.0,68.0,20.61,41.37
1996436,2025-02-01T04:00:00Z,Macarthur FC,Auckland FC,50980,C. Ikonomidis,W,Wide Attacker,70.83,52.0,416.0,165.3,528.6,210.1,23.83,29.41
1996436,2025-02-01T04:00:00Z,Auckland FC,Macarthur FC,133501,L. Rogerson,W,Wide Attacker,87.75,62.04,661.2,235.1,678.2,241.2,24.34,31.91
1996436,2025-02-01T04:00:00Z,Macarthur FC,Auckland FC,6871,M. Jakoliš,W,Wide Attacker,100.43,70.54,444.9,235.4,398.7,210.9,23.98,34.02
1996436,2025-02-01T04:00:00Z,Auckland FC,Macarthur FC,43829,N. Moreno,W,Wide Attacker,76.43,55.45,690.2,172.2,812.7,202.8,23.86,41.4
1996435,2025-02-01T06:00:00Z,Adelaide United,Sydney FC,26766,B. Vriends,CB,Central Defender,96.0,71.37,319.8,119.7,299.8,112.2,21.47,29.26
1996435,2025-02-01T06:00:00Z,Sydney FC,Adelaide United,998256,K. Shaw,CB,Central Defender,96.0,71.37,440.8,104.4,413.3,97.8,22.18,29.31
1996435,2025-02-01T06:00:00Z,Adelaide United,Sydney FC,809759,P. Kikianis,CB,Central Defender,96.0,71.37,248.9,121.6,233.4,114.0,21.32,29.24
1996435,2025-02-01T06:00:00Z,Sydney FC,Adelaide United,51644,R. Grant,CB,Central Defender,96.0,71.37,529.3,172.2,496.2,161.4,23.55,30.4
1996435,2025-02-01T06:00:00Z,Sydney FC,Adelaide United,51045,A. Cáceres,CM,Midfield,96.0,71.37,621.8,161.3,582.9,151.2,23.44,30.55
1996435,2025-02-01T06:00:00Z,Sydney FC,Adelaide United,133852,C. Hollman,CM,Midfield,96.0,71.37,607.7,71.1,569.7,66.7,22.37,27.65
1996435,2025-02-01T06:00:00Z,Adelaide United,Sydney FC,560893,E. Alagich,CM,Midfield,96.0,71.37,585.3,91.0,548.7,85.3,21.95,28.77
1996435,2025-02-01T06:00:00Z,Adelaide United,Sydney FC,50949,J. Barnett,CM,Midfield,60.65,45.32,354.3,36.2,525.8,53.6,21.85,29.76
1996435,2025-02-01T06:00:00Z,Sydney FC,Adelaide United,28293,Léo Sena,CM,Midfield,96.0,71.37,335.2,47.3,314.3,44.4,20.95,27.52
1996435,2025-02-01T06:00:00Z,Adelaide United,Sydney FC,50959,S. Mauk,CM,Midfield,72.45,54.36,549.7,201.3,682.8,250.1,24.55,29.28
1996435,2025-02-01T06:00:00Z,Adelaide United,Sydney FC,51005,D. Pierias,FB,Full Back,96.0,71.37,539.5,496.8,505.8,465.8,26.59,39.56
1996435,2025-02-01T06:00:00Z,Adelaide United,Sydney FC,973078,F. Talladira,FB,Full Back,96.0,71.37,313.0,63.9,293.4,59.9,21.1,29.89
1996435,2025-02-01T06:00:00Z,Sydney FC,Adelaide United,51000,J. Courtney-Perkins,FB,Full Back,96.0,71.37,915.6,354.5,858.4,332.4,25.28,31.17
1996435,2025-02-01T06:00:00Z,Sydney FC,Adelaide United,795547,Z. de Jesus,FB,Full Back,69.46,52.59,610.0,152.0,790.4,197.0,23.83,30.72
1996435,2025-02-01T06:00:00Z,Adelaide United,Sydney FC,51686,A. Goodwin,ST,Center Forward,60.65,45.32,394.9,66.4,586.0,98.5,22.99,32.07
1996435,2025-02-01T06:00:00Z,Sydney FC,Adelaide United,17231,P. Klimala,ST,Center Forward,83.4,62.6,457.0,176.3,493.2,190.2,23.39,32.29
1996435,2025-02-01T06:00:00Z,Sydney FC,Adelaide United,25534,A. Ouahim,W,Wide Attacker,78.43,58.38,486.9,84.6,558.7,97.1,22.97,30.35
1996435,2025-02-01T06:00:00Z,Sydney FC,Adelaide United,18573,J. Lolley,W,Wide Attacker,96.0,71.37,520.4,263.1,487.9,246.7,24.2,34.58
1996435,2025-02-01T06:00:00Z,Adelaide United,Sydney FC,51646,J. Yull,W,Wide Attacker,86.36,63.51,595.4,171.4,620.5,178.6,23.79,30.24
1996435,2025-02-01T06:00:00Z,Adelaide United,Sydney FC,42513,Z. Clough,W,Wide Attacker,86.36,63.51,473.7,166.3,493.6,173.3,23.09,34.48
2006229,2025-03-07T08:35:00Z,Melbourne City,Macarthur FC,114464,G. Ferreyra,CB,Central Defender,98.75,72.57,332.3,45.8,302.9,41.8,20.87,27.98
2006229,2025-03-07T08:35:00Z,Macarthur FC,Melbourne City,5805,K. Boli,CB,Central Defender,98.75,72.57,218.7,45.3,199.3,41.3,19.89,28.37
2006229,2025-03-07T08:35:00Z,Macarthur FC,Melbourne City,11895,M. Jurman,CB,Central Defender,64.92,49.65,205.4,6.6,284.7,9.1,20.4,27.12
2006229,2025-03-07T08:35:00Z,Melbourne City,Macarthur FC,9520,S. Souprayen,CB,Central Defender,98.75,72.57,228.1,32.8,207.9,29.9,19.98,27.91
2006229,2025-03-07T08:35:00Z,Macarthur FC,Melbourne City,51006,T. Uskok,CB,Central Defender,98.75,72.55,349.5,96.0,318.5,87.5,21.5,39.46
2006229,2025-03-07T08:35:00Z,Macarthur FC,Melbourne City,51648,J. Hollman,CM,Midfield,64.92,49.65,312.6,122.5,433.4,169.8,22.48,28.49
2006229,2025-03-07T08:35:00Z,Melbourne City,Macarthur FC,50992,K. Trewin,CM,Midfield,98.75,72.57,552.0,78.6,503.1,71.6,21.99,29.13
2006229,2025-03-07T08:35:00Z,Macarthur FC,Melbourne City,51044,L. Brattan,CM,Midfield,98.75,72.57,508.6,121.2,463.5,110.5,22.46,31.24
2006229,2025-03-07T08:35:00Z,Melbourne City,Macarthur FC,7252,M. Leckie,CM,Midfield,86.13,63.21,429.1,150.8,448.4,157.6,23.34,28.65
2006229,2025-03-07T08:35:00Z,Melbourne City,Macarthur FC,11891,A. Behich,FB,Full Back,98.75,72.56,260.5,158.9,237.4,144.8,21.61,41.33
2006229,2025-03-07T08:35:00Z,Macarthur FC,Melbourne City,51014,I. Vujica,FB,Full Back,98.75,72.57,564.8,57.1,514.8,52.1,22.12,27.49
2006229,2025-03-07T08:35:00Z,Macarthur FC,Melbourne City,808580,K. Adamson,FB,Full Back,84.7,62.43,561.8,273.5,597.0,290.6,24.89,31.59
2006229,2025-03-07T08:35:00Z,Melbourne City,Macarthur FC,104563,N. Atkinson,FB,Full Back,98.75,72.57,414.8,265.7,378.0,242.2,23.78,34.24
2006229,2025-03-07T08:35:00Z,Melbourne City,Macarthur FC,26095,A. Kuen,ST,Center Forward,76.98,55.61,299.9,98.7,350.7,115.4,21.9,29.29
2006229,2025-03-07T08:35:00Z,Macarthur FC,Melbourne City,50980,C. Ikonomidis,ST,Center Forward,64.92,49.65,442.0,10.9,612.7,15.1,21.97,26.81
2006229,2025-03-07T08:35:00Z,Melbourne City,Macarthur FC,159945,M. Caputo,ST,Center Forward,86.13,63.21,454.5,187.4,474.9,195.8,22.97,32.3
2006229,2025-03-07T08:35:00Z,Macarthur FC,Melbourne City,6871,M. Jakoliš,ST,Center Forward,98.75,72.57,325.9,119.5,297.0,108.9,21.34,32.54
2006229,2025-03-07T08:35:00Z,Melbourne City,Macarthur FC,963054,K. Rahmani,W,Wide Attacker,64.12,49.24,333.5,69.3,468.0,97.2,22.43,33.29
2006229,2025-03-07T08:35:00Z,Melbourne City,Macarthur FC,159941,M. Tilio,W,Wide Attacker,76.98,55.61,478.0,150.7,558.9,176.2,23.27,32.47
2006363,2025-03-08T08:35:00Z,Melbourne V FC,CC Mariners,51013,B. Hamill,CB,Central Defender,98.45,72.91,270.7,37.7,247.5,34.5,20.36,33.67
2006363,2025-03-08T08:35:00Z,CC Mariners,Melbourne V FC,795510,B. Kaltak,CB,Central Defender,98.45,72.91,425.3,155.4,388.8,142.1,22.56,30.53
2006363,2025-03-08T08:35:00Z,Melbourne V FC,CC Mariners,9175,Roderick Miranda,CB,Central Defender,66.95,49.13,171.5,55.4,230.5,74.4,20.68,30.26
2006363,2025-03-08T08:35:00Z,CC Mariners,Melbourne V FC,10549,T. Sainsbury,CB,Central Defender,75.72,56.4,330.6,104.9,393.0,124.7,22.45,35.72
2006363,2025-03-08T08:35:00Z,CC Mariners,Melbourne V FC,923864,H. Eames,CM,Midfield,98.45,72.91,462.9,83.9,423.1,76.7,21.61,28.88
2006363,2025-03-08T08:35:00Z,CC Mariners,Melbourne V FC,795508,H. Steele,CM,Midfield,98.45,72.91,606.3,86.3,554.2,78.9,22.46,27.7
2006363,2025-03-08T08:35:00Z,Melbourne V FC,CC Mariners,159688,J. Valadon,CM,Midfield,98.45,72.91,425.8,83.4,389.3,76.2,21.65,28.83
2006363,2025-03-08T08:35:00Z,Melbourne V FC,CC Mariners,51714,R. Piscopo,CM,Midfield,77.5,57.85,565.5,129.9,656.8,150.9,23.13,28.33
2006363,2025-03-08T08:35:00Z,Melbourne V FC,CC Mariners,157294,R. Teague,CM,Midfield,98.45,72.91,411.7,69.6,376.3,63.6,21.71,29.92
2006363,2025-03-08T08:35:00Z,Melbourne V FC,CC Mariners,50977,J. Rawlins,FB,Full Back,98.45,72.91,501.3,243.9,458.3,223.0,23.83,39.6
2006363,2025-03-08T08:35:00Z,Melbourne V FC,CC Mariners,811820,K. Bos,FB,Full Back,98.45,72.89,629.2,178.9,575.2,163.6,23.5,40.18
2006363,2025-03-08T08:35:00Z,CC Mariners,Melbourne V FC,795511,N. Paull,FB,Full Back,98.45,72.91,382.0,143.8,349.2,131.5,22.45,30.52
2006363,2025-03-08T08:35:00Z,Melbourne V FC,CC Mariners,50979,B. Fornaroli,ST,Center Forward,87.45,65.71,448.5,160.1,461.6,164.7,23.2,31.77
2006363,2025-03-08T08:35:00Z,CC Mariners,Melbourne V FC,34423,Mikael Doka,ST,Center Forward,98.45,72.91,395.9,231.2,361.9,211.3,23.54,33.61
2006363,2025-03-08T08:35:00Z,Melbourne V FC,CC Mariners,11885,D. Arzani,W,Wide Attacker,66.95,49.13,579.5,163.2,779.0,219.4,24.22,34.84
2006363,2025-03-08T08:35:00Z,CC Mariners,Melbourne V FC,51683,L. Mauragis,W,Wide Attacker,75.72,56.4,462.3,166.5,549.5,197.9,23.75,31.44
2006363,2025-03-08T08:35:00Z,Melbourne V FC,CC Mariners,50955,N. Velupillay,W,Wide Attacker,77.5,57.85,670.5,187.0,778.7,217.2,24.27,30.25
2007448,2025-03-15T10:45:00Z,Brisbane FC,Perth Glory,69111,H. Bility,CB,Central Defender,96.76,72.72,425.2,65.9,395.5,61.3,21.7,29.5
2007448,2025-03-15T10:45:00Z,Brisbane FC,Perth Glory,965697,L. Herrington,CB,Central Defender,96.76,72.72,301.7,47.5,280.6,44.2,20.6,28.26
2007448,2025-03-15T10:45:00Z,Perth Glory,Brisbane FC,458606,T. Mourdoukoutas,CB,Central Defender,96.76,72.71,326.6,71.2,303.8,66.2,21.13,40.52
2007448,2025-03-15T10:45:00Z,Perth Glory,Brisbane FC,560989,T. Mrčela,CB,Central Defender,96.76,72.72,170.3,39.8,158.4,37.0,19.52,29.16
2007448,2025-03-15T10:45:00Z,Brisbane FC,Perth Glory,51002,J. O'Shea,CM,Midfield,96.76,72.72,497.6,56.1,462.8,52.2,21.59,28.05
2007448,2025-03-15T10:45:00Z,Perth Glory,Brisbane FC,12185,L. Amos,CM,Midfield,78.22,59.34,409.3,24.5,471.0,28.2,21.33,28.62
2007448,2025-03-15T10:45:00Z,Perth Glory,Brisbane FC,795530,N. Pennington,CM,Midfield,96.76,72.72,445.5,45.8,414.3,42.6,21.4,27.43
2007448,2025-03-15T10:45:00Z,Brisbane FC,Perth Glory,965695,S. Klein,CM,Midfield,95.92,72.2,719.5,55.6,675.1,52.2,22.58,29.08
2007448,2025-03-15T10:45:00Z,Brisbane FC,Perth Glory,51722,J. Hingert,FB,Full Back,63.63,47.67,433.5,155.9,613.1,220.5,23.67,29.84
2007448,2025-03-15T10:45:00Z,Brisbane FC,Perth Glory,560898,L. Zabala,FB,Full Back,96.76,72.72,534.9,127.4,497.5,118.5,22.84,31.02
2007448,2025-03-15T10:45:00Z,Perth Glory,Brisbane FC,26981,T. Okamoto,FB,Full Back,78.22,59.3,464.6,219.5,534.6,252.6,23.98,41.11
2007448,2025-03-15T10:45:00Z,Perth Glory,Brisbane FC,26920,Y. Misao,FB,Full Back,96.76,72.72,567.8,166.5,528.1,154.9,23.2,28.93
2007448,2025-03-15T10:45:00Z,Perth Glory,Brisbane FC,211,A. Taggart,ST,Center Forward,96.76,72.72,644.8,127.4,599.8,118.5,22.71,30.64
2007448,2025-03-15T10:45:00Z,Brisbane FC,Perth Glory,37087,Asumah Abubakar,ST,Center Forward,74.85,56.17,483.9,71.8,581.8,86.3,22.72,29.12
2007448,2025-03-15T10:45:00Z,Perth Glory,Brisbane FC,966111,J. Pearman,ST,Center Forward,96.76,72.72,534.2,76.0,496.9,70.7,21.5,30.26
2007448,2025-03-15T10:45:00Z,Brisbane FC,Perth Glory,560986,K. Jelacic,ST,Center Forward,96.76,72.72,812.1,187.0,755.4,174.0,23.75,35.57
2007448,2025-03-15T10:45:00Z,Brisbane FC,Perth Glory,50966,B. Halloran,W,Wide Attacker,96.76,72.72,574.3,249.2,534.2,231.8,23.93,32.21
2007448,2025-03-15T10:45:00Z,Brisbane FC,Perth Glory,560901,H. Hore,W,Wide Attacker,74.85,56.17,484.3,95.9,582.3,115.3,22.9,28.54
2007448,2025-03-15T10:45:00Z,Perth Glory,Brisbane FC,51007,L. Wales,W,Wide Attacker,96.76,72.72,713.9,127.9,664.0,119.0,22.97,30.93
2007721,2025-03-16T04:00:00Z,CC Mariners,Auckland FC,795510,B. Kaltak,CB,Central Defender,95.9,76.23,489.6,104.2,459.5,97.8,22.25,33.05
2007721,2025-03-16T04:00:00Z,Auckland FC,CC Mariners,51667,D. Hall,CB,Central Defender,95.9,76.23,204.6,67.9,192.0,63.7,19.83,39.38
2007721,2025-03-16T04:00:00Z,CC Mariners,Auckland FC,795511,N. Paull,CB,Central Defender,95.9,76.23,234.6,100.8,220.1,94.6,20.38,36.07
2007721,2025-03-16T04:00:00Z,CC Mariners,Auckland FC,10549,T. Sainsbury,CB,Central Defender,95.9,76.23,374.7,48.2,351.7,45.2,20.95,27.12
2007721,2025-03-16T04:00:00Z,Auckland FC,CC Mariners,31147,T. Smith,CB,Central Defender,95.9,76.23,308.7,94.7,289.7,88.9,21.56,28.35
2007721,2025-03-16T04:00:00Z,CC Mariners,Auckland FC,29856,A. McCalmont,CM,Midfield,95.9,76.23,285.8,46.7,268.3,43.8,20.43,31.18
2007721,2025-03-16T04:00:00Z,Auckland FC,CC Mariners,23418,F. Gallegos,CM,Midfield,95.9,76.23,723.5,154.6,679.0,145.1,22.86,30.46
2007721,2025-03-16T04:00:00Z,CC Mariners,Auckland FC,923864,H. Eames,CM,Midfield,83.8,67.41,307.2,14.3,330.0,15.4,20.52,41.33
2007721,2025-03-16T04:00:00Z,Auckland FC,CC Mariners,50951,J. Brimmer,CM,Midfield,73.61,60.22,495.3,96.2,605.6,117.6,22.83,35.07
2007721,2025-03-16T04:00:00Z,Auckland FC,CC Mariners,133498,F. De Vries,FB,Full Back,95.9,76.23,521.4,141.2,489.3,132.5,22.87,33.17
2007721,2025-03-16T04:00:00Z,Auckland FC,CC Mariners,4322,H. Sakai,FB,Full Back,95.9,76.23,516.2,115.2,484.4,108.1,22.37,31.7
2007721,2025-03-16T04:00:00Z,CC Mariners,Auckland FC,51683,L. Mauragis,FB,Full Back,95.9,76.23,595.6,130.9,558.9,122.8,22.89,30.16
2007721,2025-03-16T04:00:00Z,CC Mariners,Auckland FC,34423,Mikael Doka,FB,Full Back,83.8,67.41,333.2,91.9,357.9,98.7,21.53,30.87
2007721,2025-03-16T04:00:00Z,CC Mariners,Auckland FC,51668,A. Kuol,ST,Center Forward,77.08,62.77,330.1,239.0,385.4,279.1,23.56,35.8
2007721,2025-03-16T04:00:00Z,Auckland FC,CC Mariners,38673,G. May,ST,Center Forward,91.58,72.86,590.3,115.9,580.1,113.9,23.0,28.78
2007721,2025-03-16T04:00:00Z,Auckland FC,CC Mariners,624628,J. Randall,ST,Center Forward,61.85,52.43,425.7,39.5,619.4,57.4,21.75,29.73
2007721,2025-03-16T04:00:00Z,CC Mariners,Auckland FC,795509,C. Theoharous,W,Wide Attacker,73.32,59.97,358.9,97.6,440.6,119.8,22.18,40.87
2007721,2025-03-16T04:00:00Z,Auckland FC,CC Mariners,133501,L. Rogerson,W,Wide Attacker,91.58,72.85,826.1,248.0,811.8,243.7,24.35,29.83
2007721,2025-03-16T04:00:00Z,Auckland FC,CC Mariners,43829,N. Moreno,W,Wide Attacker,61.85,52.43,603.5,123.5,878.2,179.6,23.69,28.82
2007721,2025-03-16T04:00:00Z,CC Mariners,Auckland FC,170488,Vitor Feijão,W,Wide Attacker,83.8,67.41,512.2,151.0,550.1,162.2,23.48,39.98
2010085,2025-04-05T06:00:00Z,CC Mariners,Melbourne City,795510,B. Kaltak,CB,Central Defender,98.28,74.99,357.5,95.4,327.4,87.4,21.33,40.8
2010085,2025-04-05T06:00:00Z,Melbourne City,CC Mariners,114464,G. Ferreyra,CB,Central Defender,98.28,75.02,276.4,45.8,253.1,42.0,20.5,28.76
2010085,2025-04-05T06:00:00Z,CC Mariners,Melbourne City,795511,N. Paull,CB,Central Defender,98.28,75.02,218.1,19.3,199.7,17.6,19.61,26.93
2010085,2025-04-05T06:00:00Z,Melbourne City,CC Mariners,9520,S. Souprayen,CB,Central Defender,78.88,58.61,137.1,25.5,156.4,29.1,19.27,27.44
2010085,2025-04-05T06:00:00Z,CC Mariners,Melbourne City,10549,T. Sainsbury,CB,Central Defender,86.86,66.07,197.4,70.7,204.5,73.2,20.21,36.27
2010085,2025-04-05T06:00:00Z,Melbourne City,CC Mariners,771855,A. Lopane,CM,Midfield,70.65,53.6,287.6,98.1,366.4,125.0,21.75,38.92
2010085,2025-04-05T06:00:00Z,CC Mariners,Melbourne City,29856,A. McCalmont,CM,Midfield,98.28,75.02,418.5,15.9,383.2,14.6,21.0,40.78
2010085,2025-04-05T06:00:00Z,CC Mariners,Melbourne City,795508,H. Steele,CM,Midfield,86.86,66.08,569.4,11.4,589.9,11.8,22.16,37.23
2010085,2025-04-05T06:00:00Z,Melbourne City,CC Mariners,50992,K. Trewin,CM,Midfield,98.28,75.02,525.8,156.1,481.5,143.0,22.35,38.31
2010085,2025-04-05T06:00:00Z,Melbourne City,CC Mariners,159941,M. Tilio,CM,Midfield,95.8,72.57,398.5,94.7,374.3,89.0,21.68,31.49
2010085,2025-04-05T06:00:00Z,Melbourne City,CC Mariners,11891,A. Behich,FB,Full Back,98.28,75.02,531.7,196.1,486.9,179.6,23.45,32.61
2010085,2025-04-05T06:00:00Z,CC Mariners,Melbourne City,51683,L. Mauragis,FB,Full Back,98.28,75.02,425.9,123.4,390.0,113.0,21.91,39.17
2010085,2025-04-05T06:00:00Z,CC Mariners,Melbourne City,34423,Mikael Doka,FB,Full Back,98.28,75.02,525.1,68.6,480.8,62.8,22.04,30.87
2010085,2025-04-05T06:00:00Z,Melbourne City,CC Mariners,104563,N. Atkinson,FB,Full Back,98.28,75.02,510.9,103.9,467.8,95.1,21.99,30.41
2010085,2025-04-05T06:00:00Z,Melbourne City,CC Mariners,26095,A. Kuen,ST,Center Forward,70.65,53.59,414.9,43.2,528.5,55.0,22.12,27.81
2010085,2025-04-05T06:00:00Z,CC Mariners,Melbourne City,51668,A. Kuol,ST,Center Forward,70.82,53.71,358.0,173.3,454.9,220.2,23.72,29.56
2010085,2025-04-05T06:00:00Z,CC Mariners,Melbourne City,795509,C. Theoharous,W,Wide Attacker,70.82,53.71,294.7,109.2,374.5,138.8,22.15,31.62
2010085,2025-04-05T06:00:00Z,Melbourne City,CC Mariners,159945,M. Caputo,W,Wide Attacker,98.28,75.02,409.5,66.1,375.0,60.5,21.18,28.61
2010085,2025-04-05T06:00:00Z,Melbourne City,CC Mariners,795151,M. Memeti,W,Wide Attacker,78.88,58.61,471.1,127.3,537.5,145.3,23.32,30.82
2010085,2025-04-05T06:00:00Z,CC Mariners,Melbourne City,170488,Vitor Feijão,W,Wide Attacker,64.82,48.76,466.9,155.2,648.2,215.5,24.25,29.67
2011166,2025-04-12T05:00:00Z,Wellington P FC,Melbourne V FC,698137,I. Hughes,CB,Central Defender,90.08,57.91,304.9,139.1,304.6,138.9,22.28,33.66
2011166,2025-04-12T05:00:00Z,Melbourne V FC,Wellington P FC,51685,L. Jackson,CB,Central Defender,98.82,63.82,366.1,192.6,333.4,175.4,23.15,31.39
2011166,2025-04-12T05:00:00Z,Melbourne V FC,Wellington P FC,9175,Roderick Miranda,CB,Central Defender,68.05,43.26,276.3,57.9,365.5,76.5,22.62,29.22
2011166,2025-04-12T05:00:00Z,Wellington P FC,Melbourne V FC,42510,S. Wootton,CB,Central Defender,98.82,63.81,259.0,87.1,235.9,79.4,21.01,39.62
2011166,2025-04-12T05:00:00Z,Wellington P FC,Melbourne V FC,51015,A. Rufer,CM,Midfield,98.82,63.82,620.9,152.8,565.4,139.1,23.67,34.73
2011166,2025-04-12T05:00:00Z,Wellington P FC,Melbourne V FC,957734,C. Piper,CM,Midfield,98.82,63.82,732.3,379.0,666.9,345.1,26.03,38.1
2011166,2025-04-12T05:00:00Z,Melbourne V FC,Wellington P FC,159688,J. Valadon,CM,Midfield,98.82,63.82,679.2,111.6,618.6,101.6,23.07,29.45
2011166,2025-04-12T05:00:00Z,Melbourne V FC,Wellington P FC,11117,Z. Machach,CM,Midfield,98.82,63.77,562.9,124.7,512.7,113.6,22.76,40.71
2011166,2025-04-12T05:00:00Z,Melbourne V FC,Wellington P FC,50977,J. Rawlins,FB,Full Back,98.82,63.82,645.1,300.3,587.5,273.5,25.13,40.73
2011166,2025-04-12T05:00:00Z,Melbourne V FC,Wellington P FC,811820,K. Bos,FB,Full Back,98.82,63.82,822.1,116.9,748.8,106.4,23.49,30.11
2011166,2025-04-12T05:00:00Z,Wellington P FC,Melbourne V FC,51028,S. Sutton,FB,Full Back,98.82,63.82,784.5,484.6,714.5,441.4,26.95,39.25
2011166,2025-04-12T05:00:00Z,Wellington P FC,Melbourne V FC,51017,T. Payne,FB,Full Back,98.82,63.78,742.9,478.3,676.6,435.6,26.22,40.75
2011166,2025-04-12T05:00:00Z,Wellington P FC,Melbourne V FC,23909,K. Barbarouses,ST,Center Forward,98.82,63.82,694.6,435.6,632.6,396.8,26.4,36.41
2011166,2025-04-12T05:00:00Z,Melbourne V FC,Wellington P FC,29075,N. Vergos,ST,Center Forward,83.12,52.67,418.5,195.2,453.1,211.3,24.28,32.72
2011166,2025-04-12T05:00:00Z,Melbourne V FC,Wellington P FC,11885,D. Arzani,W,Wide Attacker,68.05,43.26,443.6,252.9,586.7,334.5,25.74,32.67
2011166,2025-04-12T05:00:00Z,Melbourne V FC,Wellington P FC,50955,N. Velupillay,W,Wide Attacker,98.82,63.82,616.6,481.6,561.6,438.6,26.12,33.66
2013725,2025-04-27T07:00:00Z,Sydney FC,Western United,560894,A. Popovic,CB,Central Defender,94.65,73.8,506.8,190.7,481.9,181.4,23.1,39.85
2013725,2025-04-27T07:00:00Z,Western United,Sydney FC,957737,D. Leonard,CB,Central Defender,94.65,73.8,599.8,185.9,570.3,176.8,23.22,39.59
2013725,2025-04-27T07:00:00Z,Sydney FC,Western United,51000,J. Courtney-Perkins,CB,Central Defender,94.65,73.79,557.0,209.4,529.7,199.1,23.64,39.99
2013725,2025-04-27T07:00:00Z,Western United,Sydney FC,23883,J. Donachie,CB,Central Defender,94.65,73.8,357.2,202.2,339.7,192.3,22.93,32.72
2013725,2025-04-27T07:00:00Z,Sydney FC,Western United,51048,J. King,CB,Central Defender,82.78,63.96,348.4,129.4,378.8,140.7,22.57,29.24
2013725,2025-04-27T07:00:00Z,Sydney FC,Western United,51045,A. Cáceres,CM,Midfield,94.65,73.8,893.5,141.2,849.6,134.3,23.61,38.16
2013725,2025-04-27T07:00:00Z,Western United,Sydney FC,51675,A. Thurgate,CM,Midfield,94.65,73.77,641.4,170.0,609.9,161.6,23.39,41.24
2013725,2025-04-27T07:00:00Z,Western United,Sydney FC,560917,R. Bozinovski,CM,Midfield,75.93,58.65,469.3,194.6,556.3,230.7,23.63,32.54
2013725,2025-04-27T07:00:00Z,Sydney FC,Western United,795544,W. Kamijo,CM,Midfield,94.65,73.8,615.4,68.5,585.1,65.1,22.37,27.0
2013725,2025-04-27T07:00:00Z,Western United,Sydney FC,23922,B. Garuccio,FB,Full Back,94.65,73.8,781.7,322.6,743.3,306.8,24.94,31.08
2013725,2025-04-27T07:00:00Z,Sydney FC,Western United,18573,J. Lolley,FB,Full Back,62.23,47.43,396.1,59.1,572.9,85.4,22.47,29.42
2013725,2025-04-27T07:00:00Z,Sydney FC,Western United,51644,R. Grant,FB,Full Back,94.65,73.8,864.2,418.3,821.7,397.8,25.73,38.04
2013725,2025-04-27T07:00:00Z,Western United,Sydney FC,51008,T. Imai,FB,Full Back,75.93,58.65,543.1,315.4,643.7,373.8,25.57,33.26
2013725,2025-04-27T07:00:00Z,Sydney FC,Western United,2858,Douglas Costa,ST,Center Forward,94.65,73.8,415.9,103.8,395.5,98.7,22.15,30.49
2013725,2025-04-27T07:00:00Z,Western United,Sydney FC,795529,M. Ruhs,ST,Center Forward,71.22,54.84,496.7,282.9,627.6,357.5,25.43,34.88
2013725,2025-04-27T07:00:00Z,Western United,Sydney FC,560916,N. Botić,ST,Center Forward,94.65,73.79,712.0,285.9,677.1,271.9,24.5,39.75
2013725,2025-04-27T07:00:00Z,Sydney FC,Western United,133854,A. Segecic,W,Wide Attacker,94.65,73.8,679.8,431.4,646.4,410.2,25.7,35.79
2013725,2025-04-27T07:00:00Z,Sydney FC,Western United,133853,J. Kucharski,W,Wide Attacker,62.23,47.42,495.9,249.8,717.2,361.3,25.44,41.3
2013725,2025-04-27T07:00:00Z,Western United,Sydney FC,795527,M. Grimaldi,W,Wide Attacker,75.93,58.65,670.4,203.9,794.6,241.7,24.21,29.48
2013725,2025-04-27T07:00:00Z,Western United,Sydney FC,26844,R. Danzaki,W,Wide Attacker,87.82,67.93,691.3,238.5,708.4,244.4,24.2,29.38
2015213,2025-05-03T08:00:00Z,Auckland FC,Western United,51667,D. Hall,CB,Central Defender,99.83,79.85,403.3,326.5,363.6,294.3,24.47,34.4
2015213,2025-05-03T08:00:00Z,Western United,Auckland FC,957737,D. Leonard,CB,Central Defender,99.83,79.83,525.7,117.2,474.0,105.7,22.55,38.8
2015213,2025-05-03T08:00:00Z,Western United,Auckland FC,23883,J. Donachie,CB,Central Defender,99.83,79.85,388.7,138.8,350.4,125.1,22.32,32.28
2015213,2025-05-03T08:00:00Z,Auckland FC,Western United,33697,N. Pijnaker,CB,Central Defender,83.5,68.92,321.9,214.5,347.0,231.2,23.27,35.49
2015213,2025-05-03T08:00:00Z,Western United,Auckland FC,51675,A. Thurgate,CM,Midfield,85.66,70.5,490.2,75.6,515.0,79.4,21.86,31.65
2015213,2025-05-03T08:00:00Z,Auckland FC,Western United,14736,L. Verstraete,CM,Midfield,99.83,79.85,722.0,123.1,650.9,110.9,22.49,29.93
2015213,2025-05-03T08:00:00Z,Western United,Auckland FC,23922,B. Garuccio,FB,Full Back,99.83,79.85,698.3,300.1,629.5,270.5,24.3,32.0
2015213,2025-05-03T08:00:00Z,Auckland FC,Western United,4322,H. Sakai,FB,Full Back,99.83,79.85,736.4,293.7,663.9,264.8,24.07,38.13
2015213,2025-05-03T08:00:00Z,Western United,Auckland FC,51008,T. Imai,FB,Full Back,99.83,79.85,613.5,208.0,553.1,187.5,22.91,41.27
2015213,2025-05-03T08:00:00Z,Auckland FC,Western United,38673,G. May,ST,Center Forward,99.83,79.85,672.0,145.9,605.8,131.5,23.26,32.14
2015213,2025-05-03T08:00:00Z,Auckland FC,Western United,163972,M. Mata,ST,Center Forward,72.25,60.32,560.0,59.5,697.6,74.1,22.69,27.95
2015213,2025-05-03T08:00:00Z,Western United,Auckland FC,795529,M. Ruhs,ST,Center Forward,74.26,62.14,476.1,279.6,577.0,338.9,24.45,37.48
2015213,2025-05-03T08:00:00Z,Western United,Auckland FC,560916,N. Botić,ST,Center Forward,99.83,79.85,820.7,329.5,739.9,297.1,24.61,35.33
2015213,2025-05-03T08:00:00Z,Auckland FC,Western United,133501,L. Rogerson,W,Wide Attacker,99.83,79.85,1037.0,350.5,934.9,316.0,24.97,30.87
2015213,2025-05-03T08:00:00Z,Western United,Auckland FC,795527,M. Grimaldi,W,Wide Attacker,88.12,72.2,831.4,334.2,849.1,341.4,25.04,37.67
2015213,2025-05-03T08:00:00Z,Western United,Auckland FC,26844,R. Danzaki,W,Wide Attacker,74.26,62.14,590.8,267.6,716.0,324.3,24.8,30.72
2016236,2025-05-09T09:35:00Z,Adelaide United,Western United,26766,B. Vriends,CB,Central Defender,75.68,53.77,310.9,114.6,369.7,136.3,22.24,30.53
2016236,2025-05-09T09:35:00Z,Western United,Adelaide United,957737,D. Leonard,CB,Central Defender,100.06,72.02,446.4,88.2,401.6,79.3,22.1,40.91
2016236,2025-05-09T09:35:00Z,Adelaide United,Western United,809759,P. Kikianis,CB,Central Defender,100.06,72.02,423.8,213.5,381.2,192.1,23.34,41.07
2016236,2025-05-09T09:35:00Z,Western United,Adelaide United,51675,A. Thurgate,CM,Midfield,100.06,72.05,388.7,159.4,349.6,143.4,22.42,30.43
2016236,2025-05-09T09:35:00Z,Adelaide United,Western United,560893,E. Alagich,CM,Midfield,85.9,61.67,601.8,166.9,630.6,174.8,23.34,34.46
2016236,2025-05-09T09:35:00Z,Adelaide United,Western United,560895,Isaias,CM,Midfield,100.06,72.05,665.4,133.9,598.5,120.5,22.99,29.05
2016236,2025-05-09T09:35:00Z,Western United,Adelaide United,560917,R. Bozinovski,CM,Midfield,100.06,72.05,444.5,169.4,399.8,152.4,22.23,33.85
2016236,2025-05-09T09:35:00Z,Adelaide United,Western United,50959,S. Mauk,CM,Midfield,100.06,72.05,674.6,182.6,606.7,164.3,23.34,31.3
2016236,2025-05-09T09:35:00Z,Western United,Adelaide United,23922,B. Garuccio,FB,Full Back,100.06,72.05,745.9,302.8,670.9,272.4,24.78,41.14
2016236,2025-05-09T09:35:00Z,Adelaide United,Western United,51005,D. Pierias,FB,Full Back,100.06,72.04,628.3,244.1,565.2,219.5,23.69,39.41
2016236,2025-05-09T09:35:00Z,Adelaide United,Western United,4792,Javi López,FB,Full Back,75.68,53.77,386.1,104.6,459.1,124.4,22.69,29.72
2016236,2025-05-09T09:35:00Z,Western United,Adelaide United,51008,T. Imai,FB,Full Back,100.06,72.05,382.3,71.1,343.9,63.9,21.54,27.92
2016236,2025-05-09T09:35:00Z,Western United,Adelaide United,795520,T. Russell,FB,Full Back,87.0,63.68,639.2,366.4,661.3,379.0,25.6,40.07
2016236,2025-05-09T09:35:00Z,Adelaide United,Western United,797295,L. Jovanovic,ST,Center Forward,93.5,67.41,547.6,71.9,527.1,69.2,22.46,28.32
2016236,2025-05-09T09:35:00Z,Western United,Adelaide United,795529,M. Ruhs,ST,Center Forward,70.98,50.37,430.1,321.3,545.4,407.4,26.31,39.54
2016236,2025-05-09T09:35:00Z,Western United,Adelaide United,560916,N. Botić,ST,Center Forward,82.16,58.94,702.5,199.5,769.5,218.6,24.44,35.38
2016236,2025-05-09T09:35:00Z,Western United,Adelaide United,795527,M. Grimaldi,W,Wide Attacker,70.98,50.37,665.7,93.9,844.1,119.0,23.36,33.53
2016236,2025-05-09T09:35:00Z,Western United,Adelaide United,26844,R. Danzaki,W,Wide Attacker,82.16,58.94,527.0,258.2,577.3,282.8,24.88,34.18
2016236,2025-05-09T09:35:00Z,Adelaide United,Western United,23925,R. Kitto,W,Wide Attacker,100.06,72.05,717.0,275.0,644.9,247.3,24.5,29.95
2016236,2025-05-09T09:35:00Z,Adelaide United,Western United,42513,Z. Clough,W,Wide Attacker,85.9,61.67,600.9,217.3,629.6,227.6,23.98,35.4
2017461,2025-05-17T09:35:00Z,Auckland FC,Melbourne V FC,51667,D. Hall,CB,Central Defender,97.42,66.09,262.8,99.8,242.8,92.2,21.37,30.89
2017461,2025-05-17T09:35:00Z,Melbourne V FC,Auckland FC,51685,L. Jackson,CB,Central Defender,97.42,66.09,381.6,107.9,352.5,99.7,22.24,36.26
2017461,2025-05-17T09:35:00Z,Auckland FC,Melbourne V FC,33697,N. Pijnaker,CB,Central Defender,97.42,66.08,385.5,88.2,356.2,81.5,21.98,41.37
2017461,2025-05-17T09:35:00Z,Auckland FC,Melbourne V FC,23418,F. Gallegos,CM,Midfield,80.82,54.03,547.7,169.8,610.0,189.1,23.93,30.26
2017461,2025-05-17T09:35:00Z,Melbourne V FC,Auckland FC,159688,J. Valadon,CM,Midfield,97.42,66.09,663.5,110.6,612.9,102.2,23.08,28.9
2017461,2025-05-17T09:35:00Z,Auckland FC,Melbourne V FC,14736,L. Verstraete,CM,Midfield,97.42,66.09,475.7,11.9,439.5,11.0,21.47,25.5
2017461,2025-05-17T09:35:00Z,Melbourne V FC,Auckland FC,157294,R. Teague,CM,Midfield,97.42,66.09,554.6,174.8,512.3,161.5,23.66,30.97
2017461,2025-05-17T09:35:00Z,Melbourne V FC,Auckland FC,11117,Z. Machach,CM,Midfield,84.36,56.63,482.1,215.7,514.3,230.1,24.16,36.24
2017461,2025-05-17T09:35:00Z,Auckland FC,Melbourne V FC,133498,F. De Vries,FB,Full Back,80.82,54.03,461.1,268.2,513.5,298.7,25.25,34.16
2017461,2025-05-17T09:35:00Z,Auckland FC,Melbourne V FC,4322,H. Sakai,FB,Full Back,97.42,66.09,451.7,164.7,417.3,152.2,23.0,32.26
2017461,2025-05-17T09:35:00Z,Melbourne V FC,Auckland FC,800322,J. Inserra,FB,Full Back,97.42,66.09,710.2,404.9,656.1,374.1,26.22,33.29
2017461,2025-05-17T09:35:00Z,Melbourne V FC,Auckland FC,811820,K. Bos,FB,Full Back,97.42,66.09,670.3,94.9,619.3,87.7,22.37,28.75
2017461,2025-05-17T09:35:00Z,Auckland FC,Melbourne V FC,38673,G. May,ST,Center Forward,97.42,66.09,804.1,180.4,742.9,166.6,24.02,34.4
2017461,2025-05-17T09:35:00Z,Auckland FC,Melbourne V FC,624628,J. Randall,ST,Center Forward,63.52,44.06,562.4,311.7,796.8,441.7,26.28,33.17
2017461,2025-05-17T09:35:00Z,Melbourne V FC,Auckland FC,29075,N. Vergos,ST,Center Forward,70.23,47.92,339.9,124.3,435.6,159.3,23.56,33.88
2017461,2025-05-17T09:35:00Z,Melbourne V FC,Auckland FC,11885,D. Arzani,W,Wide Attacker,70.23,47.92,480.4,143.9,615.6,184.4,23.92,31.42
2017461,2025-05-17T09:35:00Z,Auckland FC,Melbourne V FC,133501,L. Rogerson,W,Wide Attacker,76.06,51.28,847.3,148.3,1002.6,175.5,23.96,29.04
2017461,2025-05-17T09:35:00Z,Auckland FC,Melbourne V FC,582974,M. Francois,W,Wide Attacker,63.52,44.06,612.7,256.2,868.1,362.9,25.88,32.04
2017461,2025-05-17T09:35:00Z,Melbourne V FC,Auckland FC,50955,N. Velupillay,W,Wide Attacker,84.36,56.63,604.0,105.9,644.4,113.0,23.5,28.61
