match_id,date,home_team,away_team,player_id,player_name,team,opponent,position,position_group,role,minutes_played,total_distance_m,hsr_distance_m,sprint_distance_m,speed_p99_kmh,total_distance_m_p90,hsr_distance_m_p90,sprint_distance_m_p90
1886347,2024-11-30,Auckland FC,Newcastle,38673,G. May,Auckland FC,Newcastle,ST,Center Forward,Center Forward,86.65,7853.303089548029,687.6338858327323,133.69185795569055,23.34736188512708,8156.921847193566,714.2186927287466,138.86055644561048
1886347,2024-11-30,Auckland FC,Newcastle,51713,C. Elliott,Auckland FC,Newcastle,FB,Full Back,Right Back,98.4,9201.883328640346,653.7527551839191,157.02983236557316,23.26309476728911,8416.356703024707,597.9445931560235,143.6248466758291
1886347,2024-11-30,Auckland FC,Newcastle,50951,J. Brimmer,Auckland FC,Newcastle,ST,Center Forward,Center Forward,77.91,8058.835708259503,659.9717912116546,189.5141777579181,24.067583096227647,9309.39819976069,762.3855886156966,218.92280834568902
1886347,2024-11-30,Auckland FC,Newcastle,50978,C. Timmins,Newcastle,Auckland FC,CM,Midfield,Left Defensive Midfield,86.26,9994.359827397215,549.7902970428115,115.87493454578818,22.523375943868583,10427.68820386911,573.6277154399842,120.8989579077317
1886347,2024-11-30,Auckland FC,Newcastle,133498,F. De Vries,Auckland FC,Newcastle,FB,Full Back,Left Back,98.4,9391.673649078628,706.2162240936278,116.71406499194715,22.98483487847861,8589.945410742646,645.9294732563669,106.75066919995166
1886347,2024-11-30,Auckland FC,Newcastle,33697,N. Pijnaker,Auckland FC,Newcastle,CB,Central Defender,Left Center Back,98.4,7992.577524271706,248.1689726659608,84.85040014489896,20.727928456666007,7310.284320980219,226.983816462769,77.60707330326123
1886347,2024-11-30,Auckland FC,Newcastle,51667,D. Hall,Auckland FC,Newcastle,CB,Central Defender,Right Center Back,98.4,8090.9379646077405,253.52539860470907,105.4338535412854,20.874467675990765,7400.248138360737,231.8829865286973,96.43340262922445
1886347,2024-11-30,Auckland FC,Newcastle,14736,L. Verstraete,Auckland FC,Newcastle,CM,Midfield,Defensive Midfield,98.4,10751.930316504155,701.4479018730248,46.00720302880995,22.642667310755645,9834.082606558677,641.5682029326446,42.07975886781397
1886347,2024-11-30,Auckland FC,Newcastle,735573,T. Aquilina,Newcastle,Auckland FC,W,Wide Attacker,Left Winger,98.4,10240.044783297102,932.2023250646259,207.29250182260563,24.03287436348346,9365.8946188693,852.6240778030115,189.59680044750513
1886347,2024-11-30,Auckland FC,Newcastle,176224,P. Cancar,Newcastle,Auckland FC,CB,Central Defender,Right Center Back,98.4,8237.659753542117,320.65875660084436,161.854430435207,22.154977799547478,7534.444896532424,293.28544811052836,148.03758881268934
1886347,2024-11-30,Auckland FC,Newcastle,735578,M. Natta,Newcastle,Auckland FC,FB,Full Back,Left Back,98.4,8924.221529350563,466.6384900969683,160.57839895911195,22.994731245460713,8162.397740259661,426.80349703991004,146.87048685284628
1886347,2024-11-30,Auckland FC,Newcastle,735574,K. Grozos,Newcastle,Auckland FC,CM,Midfield,Right Defensive Midfield,98.4,9969.890581301657,374.7842285103444,102.19134627859022,21.785875048885053,9118.802360946636,342.7904529058028,93.46769476700324
1886347,2024-11-30,Auckland FC,Newcastle,50983,D. Ingham,Newcastle,Auckland FC,FB,Full Back,Right Back,98.4,9038.236219176528,531.798250314751,189.497351045244,23.523239041504567,8266.679468759019,486.4008387025162,173.32074790723533
1886347,2024-11-30,Auckland FC,Newcastle,51649,A. Šušnjar,Newcastle,Auckland FC,CB,Central Defender,Left Center Back,98.4,8373.570828363332,299.7356235886537,84.86975932009857,21.31537273010255,7658.753806429876,274.14843620913445,77.62477986594381
1886347,2024-11-30,Auckland FC,Newcastle,965685,L. Gillion,Auckland FC,Newcastle,W,Wide Attacker,Left Winger,98.4,10240.034694105318,738.7560412416457,291.0734577053782,24.52595124317983,9365.885390949985,675.6915011356515,266.2257235110166
1886347,2024-11-30,Auckland FC,Newcastle,133501,L. Rogerson,Auckland FC,Newcastle,W,Wide Attacker,Right Winger,71.18,8059.743264714171,780.2980077312043,120.53693073196308,23.426866248446114,10190.740289748179,986.6088886739026,152.4069087647749
1886347,2024-11-30,Auckland FC,Newcastle,23418,F. Gallegos,Auckland FC,Newcastle,CM,Midfield,Attacking Midfield,98.4,11296.968994128505,1176.637799229765,179.48589436169712,24.007488710641688,10332.593592190706,1076.1931090516143,164.16392776984492
1886347,2024-11-30,Auckland FC,Newcastle,795507,L. Bayliss,Newcastle,Auckland FC,CM,Midfield,Attacking Midfield,61.55,7499.913642332028,449.5438686958491,103.00395864092789,23.26597081487155,10966.567470509872,657.334657719357,150.6150491906338
1886347,2024-11-30,Auckland FC,Newcastle,795505,E. Adams,Newcastle,Auckland FC,W,Wide Attacker,Right Winger,86.26,8870.985290353832,725.5144193072861,127.23597086203557,23.41162954826627,9255.607189100914,756.9707597687891,132.75257799192212
1886347,2024-11-30,Auckland FC,Newcastle,966120,B. Gibson,Newcastle,Auckland FC,ST,Center Forward,Center Forward,69.02,7223.362693094042,461.9440581788284,109.6491068271908,22.98361822400248,9419.04726714668,602.3611306301733,142.9791308960761
1899585,2024-12-07,Auckland FC,Wellington P FC,27003,K. Nagasawa,Wellington P FC,Auckland FC,ST,Center Forward,Center Forward,84.33,7572.161904533766,580.7965304866738,155.5025759122766,23.685126576152758,8081.282715617679,619.846884190687,165.9579251998683
1899585,2024-12-07,Auckland FC,Wellington P FC,26969,H. Ishige,Wellington P FC,Auckland FC,W,Wide Attacker,Left Forward,100.85,8732.431105381262,747.4759753487054,136.4462387816332,23.829560102578178,7792.947937375445,667.0583815704858,121.7665988135547
1899585,2024-12-07,Auckland FC,Wellington P FC,799092,M. Sheridan,Wellington P FC,Auckland FC,CB,Central Defender,Right Center Back,100.85,8520.957229344041,530.8274931778869,128.8524808912859,22.934042543921226,7604.225588903954,473.7181396728788,114.98981933778613
1899585,2024-12-07,Auckland FC,Wellington P FC,133501,L. Rogerson,Auckland FC,Wellington P FC,W,Wide Attacker,Right Winger,62.65,6266.840823945975,518.852488048471,186.9898377828314,24.969942656550415,9002.644439826621,745.3587218573406,268.62067678299803
1899585,2024-12-07,Auckland FC,Wellington P FC,50951,J. Brimmer,Auckland FC,Wellington P FC,ST,Center Forward,Center Forward,73.1,6807.719345135068,389.42999991111213,67.80834487023039,22.312502864807115,8381.597004954257,479.4623801915198,83.48496632449707
1899585,2024-12-07,Auckland FC,Wellington P FC,965685,L. Gillion,Auckland FC,Wellington P FC,W,Wide Attacker,Left Winger,62.65,6152.587287384104,566.0631217446359,89.47373580742153,23.597055752177255,8838.513262004299,813.1792650760931,128.533698685841
1899585,2024-12-07,Auckland FC,Wellington P FC,133495,C. Howieson,Auckland FC,Wellington P FC,CM,Midfield,Right Midfield,79.16,7356.279254257372,624.4035355321763,98.7286335830121,23.444725715796817,8363.632300191555,709.9080115954506,112.24832014238365
1899585,2024-12-07,Auckland FC,Wellington P FC,51028,S. Sutton,Wellington P FC,Auckland FC,FB,Full Back,Left Wing Back,99.2,8018.449743305503,466.04567956722326,156.29145059571206,22.974972875692693,7274.803194531202,422.82370122026305,141.79667896788393
1899585,2024-12-07,Auckland FC,Wellington P FC,42510,S. Wootton,Wellington P FC,Auckland FC,CB,Central Defender,Left Center Back,100.85,7222.912329574337,174.40629159428158,48.3150541187637,19.532208808694076,6445.831528623603,155.64269948919528,43.117053750012225
1899585,2024-12-07,Auckland FC,Wellington P FC,23909,K. Barbarouses,Wellington P FC,Auckland FC,W,Wide Attacker,Right Forward,100.85,8205.575790221968,541.0379588677513,341.3796909691278,25.492591640271005,7322.774626871365,482.8301070708738,304.65217835618745
1899585,2024-12-07,Auckland FC,Wellington P FC,698137,I. Hughes,Wellington P FC,Auckland FC,CB,Central Defender,Center Back,100.85,7545.855611195405,301.004094318433,52.49686999824934,20.6767234805661,6734.03078837468,268.6204113897766,46.84896678078771
1899585,2024-12-07,Auckland FC,Wellington P FC,51015,A. Rufer,Wellington P FC,Auckland FC,CM,Midfield,Left Midfield,100.85,8730.287110928577,397.163675969108,34.49153134559626,21.278196798205848,7791.034605687378,354.43461415190603,30.78074190484545
1899585,2024-12-07,Auckland FC,Wellington P FC,51017,T. Payne,Wellington P FC,Auckland FC,FB,Full Back,Right Wing Back,64.75,5833.9939560895145,339.4635096657488,236.09448792583578,25.52375875630054,8109.026348232531,471.84117173617597,328.16222259961734
1899585,2024-12-07,Auckland FC,Wellington P FC,51046,P. Retre,Wellington P FC,Auckland FC,CM,Midfield,Right Midfield,64.75,6133.065061520571,447.83913106275236,23.95484020157647,22.211502935399015,8524.723637634772,622.4791010910844,33.29630298288622
1899585,2024-12-07,Auckland FC,Wellington P FC,33697,N. Pijnaker,Auckland FC,Wellington P FC,CB,Central Defender,Left Center Back,100.85,7435.763593072617,343.2644562128061,153.72680424796386,22.479423359465788,6635.783077605708,306.33417014529056,137.18802560552055
1899585,2024-12-07,Auckland FC,Wellington P FC,4322,H. Sakai,Auckland FC,Wellington P FC,FB,Full Back,Right Back,100.85,8046.874407733524,545.7620706850008,197.59071770424282,23.435567557661386,7181.14721562734,487.04597284729874,176.33281698940857
1899585,2024-12-07,Auckland FC,Wellington P FC,38673,G. May,Auckland FC,Wellington P FC,ST,Center Forward,Center Forward,100.85,8198.309224012875,655.6179474718151,215.74484029646865,24.01483157881113,7316.289837988685,585.0829476694433,192.5338188069626
1899585,2024-12-07,Auckland FC,Wellington P FC,23418,F. Gallegos,Auckland FC,Wellington P FC,CM,Midfield,Left Midfield,100.85,9879.331293966161,834.0682296677227,279.4485983934382,24.741263535222235,8816.45826928066,744.3345629161631,249.38397476856164
1899585,2024-12-07,Auckland FC,Wellington P FC,133498,F. De Vries,Auckland FC,Wellington P FC,FB,Full Back,Left Back,100.85,8371.099283766138,506.3633757410832,266.64942940920736,24.4739908783858,7470.490188784854,451.8860071065691,237.96181107415632
1899585,2024-12-07,Auckland FC,Wellington P FC,51667,D. Hall,Auckland FC,Wellington P FC,CB,Central Defender,Right Center Back,100.85,7376.801507180793,399.58282966670026,121.93253486696166,21.966050337890845,6583.164458564913,356.5935019335947,108.81435932599454
1925299,2024-12-21,Brisbane FC,Perth Glory,966112,A. Bugarija,Perth Glory,Brisbane FC,ST,Center Forward,Center Forward,67.75,8001.928477443726,248.65935008474895,18.241512965752925,20.405603623697655,10629.868088117126,330.3223838764193,24.23226814638765
1925299,2024-12-21,Brisbane FC,Perth Glory,797298,A. Zimarino,Brisbane FC,Perth Glory,W,Wide Attacker,Right Winger,72.1,7392.764315940567,457.601679746951,68.29611345668988,21.957166775782422,9228.138535848142,571.2087541917558,85.25173663109695
1925299,2024-12-21,Brisbane FC,Perth Glory,560987,T. Ostler,Perth Glory,Brisbane FC,W,Wide Attacker,Right Winger,67.75,7415.608184575549,460.71995117520026,109.69350215387871,23.156714555332808,9850.992422314383,612.02650340617,145.71830544426692
1925299,2024-12-21,Brisbane FC,Perth Glory,795530,N. Pennington,Perth Glory,Brisbane FC,CM,Midfield,Left Midfield,102.13,11524.30617567471,424.93116267267743,49.96581476675404,21.25848889574116,10155.562085682208,374.4620056843334,44.03136521108258
1925299,2024-12-21,Brisbane FC,Perth Glory,560986,K. Jelacic,Brisbane FC,Perth Glory,W,Wide Attacker,Left Winger,89.55,9348.44645320286,611.1303537715135,153.07770288419877,23.69778762666982,9395.423571058152,614.2013605743855,153.8469375720591
1925299,2024-12-21,Brisbane FC,Perth Glory,51002,J. O'Shea,Brisbane FC,Perth Glory,CM,Midfield,Left Defensive Midfield,102.13,10365.482950221374,528.8371417781275,25.778543023438175,21.89437655808801,9134.372520512325,466.0270514053802,22.716820445603016
1925299,2024-12-21,Brisbane FC,Perth Glory,560882,F. Bérenguer,Brisbane FC,Perth Glory,CM,Midfield,Attacking Midfield,72.1,7348.607765182991,346.12474573879115,50.14129998837548,21.847196158027607,9173.019401754082,432.0558545976589,62.58969485372807
1925299,2024-12-21,Brisbane FC,Perth Glory,560989,T. Mrčela,Perth Glory,Brisbane FC,CB,Central Defender,Left Center Back,102.13,8184.987578004477,90.33153921150415,12.081517771696781,17.562974304441784,7212.855008522501,79.60284469828036,10.646593551872225
1925299,2024-12-21,Brisbane FC,Perth Glory,69111,H. Bility,Brisbane FC,Perth Glory,CB,Central Defender,Left Center Back,69.03,5922.259175501526,167.46985302102823,29.823329974359925,19.913148383072304,7721.3287816186785,218.34400654632103,38.88308992745753
1925299,2024-12-21,Brisbane FC,Perth Glory,560984,D. Williams,Perth Glory,Brisbane FC,ST,Center Forward,Center Forward,99.1,9296.104118659197,371.8002186016032,26.534772859673133,20.924313800984102,8442.475990709665,337.6591289015569,24.098179186383273
1925299,2024-12-21,Brisbane FC,Perth Glory,51694,T. Gomulka,Perth Glory,Brisbane FC,CM,Midfield,Right Midfield,102.13,10757.64792935033,413.9835930935827,27.738312123164448,20.88718422135702,9479.959988656907,364.81468107727846,24.443827387494373
1925299,2024-12-21,Brisbane FC,Perth Glory,11897,J. Risdon,Perth Glory,Brisbane FC,FB,Full Back,Right Back,102.13,8679.490055612945,263.0222647592987,61.465983745051645,20.27055608898307,7648.625330511751,231.78305912402706,54.16565687902329
1925299,2024-12-21,Brisbane FC,Perth Glory,809166,A. Lebib,Perth Glory,Brisbane FC,CB,Central Defender,Right Center Back,102.13,8784.299656046402,123.31268205626733,22.727254728889733,18.479594063731984,7740.986674279607,108.6668107810052,20.027934256340703
1925299,2024-12-21,Brisbane FC,Perth Glory,50982,R. Warland,Perth Glory,Brisbane FC,FB,Full Back,Left Back,85.36,7744.180320083091,308.8570844871005,143.83518129377626,22.227259636845666,8165.138575532782,325.6459419381332,151.65377596579035
1925299,2024-12-21,Brisbane FC,Perth Glory,966114,A. Faisal,Perth Glory,Brisbane FC,W,Wide Attacker,Left Winger,67.75,6878.189585363387,526.7599286443378,147.32782369027234,23.724278893629688,9137.078415980883,699.754886760006,195.7122381125389
1925299,2024-12-21,Brisbane FC,Perth Glory,287934,Walid Shour,Brisbane FC,Perth Glory,CM,Midfield,Right Defensive Midfield,102.13,10997.95746431946,426.4699249924016,116.79417030177697,22.00256526564161,9691.72791333351,375.81800890351656,102.92250393772572
1925299,2024-12-21,Brisbane FC,Perth Glory,795537,T. Waddingham,Brisbane FC,Perth Glory,ST,Center Forward,Center Forward,102.13,9535.35562472655,473.79716984339814,95.74194658402672,21.904002721317305,8402.839579216583,417.5241876618607,84.37065693295217
1925299,2024-12-21,Brisbane FC,Perth Glory,965697,L. Herrington,Brisbane FC,Perth Glory,CB,Central Defender,Right Center Back,102.13,8763.04716600514,199.03399105885603,9.147602251737176,19.423573088224526,7722.258346621587,175.394685159082,8.061139749890785
1925299,2024-12-21,Brisbane FC,Perth Glory,560983,A. Burke-Gilroy,Brisbane FC,Perth Glory,FB,Full Back,Left Back,102.13,9972.521570051207,457.6934566967574,173.0395443174223,22.255326824839827,8788.083240033377,403.3331156634502,152.48760392213853
1925299,2024-12-21,Brisbane FC,Perth Glory,51043,H. Van Der Saag,Brisbane FC,Perth Glory,FB,Full Back,Right Back,72.1,7025.80384532299,385.0499538752338,66.13887690964572,21.849363119276052,8770.07414811469,480.6448800106941,82.55893095517497
1953632,2024-12-31,CC Mariners,Melbourne City,795511,N. Paull,CC Mariners,Melbourne City,CB,Central Defender,Left Center Back,98.72,8743.875419891896,294.56834310210655,43.46892856687286,20.605783289413797,7971.52337712997,268.5489351619691,39.62929063025281
1953632,2024-12-31,CC Mariners,Melbourne City,771861,Z. Schreiber,Melbourne City,CC Mariners,CM,Midfield,Defensive Midfield,76.96,8644.669400609859,455.3130135391351,44.586824799932536,21.690738663365952,10109.410681586374,532.4606447313171,52.14155706852818
1953632,2024-12-31,CC Mariners,Melbourne City,795508,H. Steele,CC Mariners,Melbourne City,CM,Midfield,Left Midfield,87.28,9623.417287464621,371.6018941949229,31.295547206672264,21.104688395276234,9923.322134186707,383.1825215117216,32.27084381989578
1953632,2024-12-31,CC Mariners,Melbourne City,51668,A. Kuol,CC Mariners,Melbourne City,ST,Center Forward,Center Forward,98.72,8621.738464626767,419.00483145607006,209.75259012998063,22.87340603947368,7860.174856325051,381.99386984447233,191.22501126112496
1953632,2024-12-31,CC Mariners,Melbourne City,51051,C. Talbot,Melbourne City,CC Mariners,FB,Full Back,Right Back,98.72,9334.911863699197,509.6040991092521,135.80282462828265,22.648305030217067,8510.353198267096,464.5904469188887,123.80727528915557
1953632,2024-12-31,CC Mariners,Melbourne City,771857,H. Politidis,Melbourne City,CC Mariners,W,Wide Attacker,Left Forward,76.96,7748.039181452057,547.1806784338722,164.87479199928418,24.08658122911713,9060.856631115972,639.8942445302561,192.8109573796203
1953632,2024-12-31,CC Mariners,Melbourne City,51681,S. Ugarković,Melbourne City,CC Mariners,CM,Midfield,Left Midfield,98.72,10302.578801844782,524.1139556565171,61.410688024355295,21.793534347820195,9392.54550411295,477.81863866578743,55.98624313403542
1953632,2024-12-31,CC Mariners,Melbourne City,10549,T. Sainsbury,CC Mariners,Melbourne City,CB,Central Defender,Right Center Back,76.86,7080.5646890642565,256.3085099920964,138.14376964320476,22.623090001807086,8291.059354876179,300.12706088067495,161.76085438314374
1953632,2024-12-31,CC Mariners,Melbourne City,34423,Mikael Doka,CC Mariners,Melbourne City,W,Wide Attacker,Left Winger,98.72,8773.245311872737,557.7616955078001,186.97853848635856,22.940612256209086,7998.299007987706,508.4942523875812,170.46260599445168
1953632,2024-12-31,CC Mariners,Melbourne City,50992,K. Trewin,Melbourne City,CC Mariners,CB,Central Defender,Right Center Back,98.72,9221.924382417787,370.13117781658605,103.68557749839059,21.985465136568298,8407.345972625615,337.4372569235489,94.52696489926208
1953632,2024-12-31,CC Mariners,Melbourne City,29856,A. McCalmont,CC Mariners,Melbourne City,CM,Midfield,Right Midfield,98.72,9548.809174892358,358.8926766751585,27.19386359003642,20.711866850326956,8705.35682476005,327.19145969169637,24.79181243013855
1953632,2024-12-31,CC Mariners,Melbourne City,23930,S. Roux,CC Mariners,Melbourne City,FB,Full Back,Right Wing Back,98.72,8472.600071515351,616.3244715325279,156.3715375642107,23.292066115340997,7724.2099517461675,561.884141389055,142.55914081015968
1953632,2024-12-31,CC Mariners,Melbourne City,795151,M. Memeti,Melbourne City,CC Mariners,ST,Center Forward,Center Forward,90.22,8171.465053426176,547.3702209183712,147.91468915562882,23.16570855010728,8151.5390690352015,546.035467553241,147.5540015961715
1953632,2024-12-31,CC Mariners,Melbourne City,795510,B. Kaltak,CC Mariners,Melbourne City,CB,Central Defender,Center Back,98.72,8531.44274726911,329.92441183184445,52.98139739757262,21.27086909181436,7777.855016756685,300.78197999256486,48.30151707639319
1953632,2024-12-31,CC Mariners,Melbourne City,9520,S. Souprayen,Melbourne City,CC Mariners,CB,Central Defender,Left Center Back,98.72,8361.866046855017,226.28291735866554,38.45833056601605,19.892926157101424,7623.257133478034,206.295204237033,35.06128191796439
1953632,2024-12-31,CC Mariners,Melbourne City,104563,N. Atkinson,Melbourne City,CC Mariners,CM,Midfield,Right Midfield,98.72,10243.958531003917,650.5191059862749,205.04808447863704,24.033266883425025,9339.103198848788,593.05834216739,186.93605756763912
1953632,2024-12-31,CC Mariners,Melbourne City,11891,A. Behich,Melbourne City,CC Mariners,FB,Full Back,Left Back,98.72,8206.717791438965,277.45268145248997,89.22277125654105,20.895503731548413,7481.8132215306605,252.94511072451476,81.34166747456133
1996435,2025-02-01,Sydney FC,Adelaide United,25534,A. Ouahim,Sydney FC,Adelaide United,W,Wide Attacker,Left Winger,78.43,8255.51201875611,499.111150905413,86.11304399050199,23.00039905342654,9473.36582542458,572.7400686151622,98.8164472669282
1996435,2025-02-01,Sydney FC,Adelaide United,973078,F. Talladira,Adelaide United,Sydney FC,FB,Full Back,Left Back,96.0,8676.762799612476,318.5920888002421,63.93636447340451,21.117137569777057,8134.465124636696,298.68008325022697,59.94034169381673
1996435,2025-02-01,Sydney FC,Adelaide United,133852,C. Hollman,Sydney FC,Adelaide United,CM,Midfield,Right Defensive Midfield,96.0,10250.19704465103,613.0766750097893,71.13437090614573,22.36883128715477,9609.55972936034,574.7593828216774,66.68847272451163
1996435,2025-02-01,Sydney FC,Adelaide United,809759,P. Kikianis,Adelaide United,Sydney FC,CB,Central Defender,Left Center Back,96.0,8166.343135222911,255.04600222716792,123.10918441596498,21.320735388033654,7655.946689271479,239.10562708796994,115.41486038996716
1996435,2025-02-01,Sydney FC,Adelaide United,17231,P. Klimala,Sydney FC,Adelaide United,ST,Center Forward,Center Forward,83.4,7131.613517541931,471.3562277679769,178.52700244767144,23.44854028674904,7695.9858102970475,508.6577997496154,192.65503861259506
1996435,2025-02-01,Sydney FC,Adelaide United,42513,Z. Clough,Adelaide United,Sydney FC,W,Wide Attacker,Right Winger,86.36,8719.837418513014,482.25832351941347,174.76739581412602,23.14942978604294,9087.371093864884,502.5850986191201,182.13369179332264
1996435,2025-02-01,Sydney FC,Adelaide United,560893,E. Alagich,Adelaide United,Sydney FC,CM,Midfield,Left Defensive Midfield,96.0,10316.18869362595,592.3589511875559,93.8076393589509,21.957851983383087,9671.42690027433,555.3365167383337,87.94466189901647
1996435,2025-02-01,Sydney FC,Adelaide United,51000,J. Courtney-Perkins,Sydney FC,Adelaide United,FB,Full Back,Left Back,96.0,10606.730659587005,928.6815679716415,358.50556223417277,25.302602296574882,9943.809993362816,870.6389699734139,336.098964594537
1996435,2025-02-01,Sydney FC,Adelaide United,50959,S. Mauk,Adelaide United,Sydney FC,CM,Midfield,Attacking Midfield,72.45,7476.057636638414,556.2721076381774,202.8527284649935,24.54238999904432,9287.028120047718,691.0212517244439,251.990967037259
1996435,2025-02-01,Sydney FC,Adelaide United,18573,J. Lolley,Sydney FC,Adelaide United,W,Wide Attacker,Right Winger,96.0,8804.224286814886,527.0079558283761,265.616939031839,24.183341220192148,8253.960268888955,494.0699585891026,249.01588034234908
1996435,2025-02-01,Sydney FC,Adelaide United,795547,Z. de Jesus,Sydney FC,Adelaide United,FB,Full Back,Right Back,69.46,7389.285021422053,622.4986432741364,155.76176948749972,23.868574835126722,9574.368729167649,806.5775683079798,201.82204511769328
1996435,2025-02-01,Sydney FC,Adelaide United,26766,B. Vriends,Adelaide United,Sydney FC,CB,Central Defender,Right Center Back,96.0,8618.013796980555,322.41890644753164,121.26264930832562,21.48524326637903,8079.38793466927,302.26772479456093,113.68373372655527
1996435,2025-02-01,Sydney FC,Adelaide United,51646,J. Yull,Adelaide United,Sydney FC,W,Wide Attacker,Left Winger,86.36,8572.041057998893,611.4095369726292,176.58626125599042,23.832909097099268,8933.34524339857,637.1799250525316,184.0292208550155
1996435,2025-02-01,Sydney FC,Adelaide United,51005,D. Pierias,Adelaide United,Sydney FC,FB,Full Back,Right Back,96.0,8958.69978263677,542.6500006469266,491.86227759900845,26.47600158597192,8398.781046221971,508.7343756064937,461.1208852490704
1996435,2025-02-01,Sydney FC,Adelaide United,50949,J. Barnett,Adelaide United,Sydney FC,CM,Midfield,Right Defensive Midfield,60.65,6572.915091243425,361.517517806632,36.18985414024188,21.844557293447306,9753.707472578868,536.4645771244333,53.702998724184155
1996435,2025-02-01,Sydney FC,Adelaide United,51686,A. Goodwin,Adelaide United,Sydney FC,ST,Center Forward,Center Forward,60.65,5688.880309143014,397.4006942451444,69.30205710072704,23.018651598241437,8441.866905570838,589.712489399225,102.83899652210114
1996435,2025-02-01,Sydney FC,Adelaide United,51644,R. Grant,Sydney FC,Adelaide United,CB,Central Defender,Right Center Back,96.0,8217.091714735734,532.245637660606,175.73796885210123,23.553318785366265,7703.52348256475,498.98028530681813,164.7543457988449
1996435,2025-02-01,Sydney FC,Adelaide United,28293,Léo Sena,Sydney FC,Adelaide United,CM,Midfield,Left Defensive Midfield,96.0,9513.418964814364,338.47483112235494,47.36932856469585,20.96086402732976,8918.830279513466,317.32015417720777,44.40874552940236
1996435,2025-02-01,Sydney FC,Adelaide United,998256,K. Shaw,Sydney FC,Adelaide United,CB,Central Defender,Left Center Back,96.0,8523.406129423152,447.6777696042399,104.56116440122035,22.174213530221216,7990.6932463342055,419.6979090039749,98.02609162614408
1996435,2025-02-01,Sydney FC,Adelaide United,51045,A. Cáceres,Sydney FC,Adelaide United,CM,Midfield,Attacking Midfield,96.0,10287.902869768672,636.6758485577055,164.16296236506318,23.46477473161357,9644.90894040813,596.883608022849,153.90277721724672
2006229,2025-03-07,Melbourne City,Macarthur FC,159945,M. Caputo,Melbourne City,Macarthur FC,ST,Center Forward,Center Forward,86.13,8191.0713705009575,465.3663726488627,191.44307486129065,22.987687090767725,8559.113239812912,486.27625146171647,200.04501030437893
2006229,2025-03-07,Melbourne City,Macarthur FC,808580,K. Adamson,Macarthur FC,Melbourne City,FB,Full Back,Right Wing Back,84.7,8178.74459462462,570.9582025454076,275.7566087676764,24.892540092848844,8690.519640096998,606.6852211226291,293.0117448534932
2006229,2025-03-07,Melbourne City,Macarthur FC,11895,M. Jurman,Macarthur FC,Melbourne City,CB,Central Defender,Left Center Back,64.92,5935.39928407092,207.1903404646115,6.585490533494083,20.400873867316054,8228.372390116801,287.232449812308,9.129607948466843
2006229,2025-03-07,Melbourne City,Macarthur FC,51648,J. Hollman,Macarthur FC,Melbourne City,CM,Midfield,Left Midfield,64.92,6747.07736964856,315.9416356991692,124.78867508085624,22.526342849412476,9353.619274004473,437.9967223186264,172.99723902151973
2006229,2025-03-07,Melbourne City,Macarthur FC,50980,C. Ikonomidis,Macarthur FC,Melbourne City,ST,Center Forward,Center Forward,64.92,6913.963349005111,456.22847082977165,11.620605944264605,22.014836809072367,9584.97691636568,632.4793957898868,16.109897334932448
2006229,2025-03-07,Melbourne City,Macarthur FC,51006,T. Uskok,Macarthur FC,Melbourne City,CB,Central Defender,Right Center Back,98.75,9072.504639290068,356.7615111026768,98.37114120536333,21.52369588887585,8268.61182315044,325.14973163788267,89.6547109719767
2006229,2025-03-07,Melbourne City,Macarthur FC,6871,M. Jakoliš,Macarthur FC,Melbourne City,ST,Center Forward,Center Forward,98.75,8694.66904313518,332.77189341291387,121.71389744306049,21.35819603292298,7924.255330452315,303.28577627506075,110.92912172025765
2006229,2025-03-07,Melbourne City,Macarthur FC,51044,L. Brattan,Macarthur FC,Melbourne City,CM,Midfield,Defensive Midfield,98.75,10061.023460030845,523.9206026708844,122.83391442654818,22.545231818867887,9169.540368635706,477.49725813042625,111.94989669255024
2006229,2025-03-07,Melbourne City,Macarthur FC,5805,K. Boli,Macarthur FC,Melbourne City,CB,Central Defender,Center Back,98.75,8159.618879785155,218.54236430698597,48.163795253025484,19.896414555145938,7436.61467524723,199.17785101396188,43.89611719263082
2006229,2025-03-07,Melbourne City,Macarthur FC,51014,I. Vujica,Macarthur FC,Melbourne City,FB,Full Back,Left Wing Back,98.75,9166.271983892851,572.313370229781,57.88355949218973,22.132947743459656,8354.070668864371,521.6020589435979,52.754636499210896
2006229,2025-03-07,Melbourne City,Macarthur FC,9520,S. Souprayen,Melbourne City,Macarthur FC,CB,Central Defender,Left Center Back,98.75,8610.304592464836,238.55978453102222,34.30857888339058,20.043855245129073,7847.3662108540275,217.42157577510886,31.268578222836986
2006229,2025-03-07,Melbourne City,Macarthur FC,104563,N. Atkinson,Melbourne City,Macarthur FC,FB,Full Back,Right Back,98.75,9156.01497561139,416.93710807116184,271.70494123919724,23.79150649434186,8344.722509417976,379.9933136851095,247.62981986357215
2006229,2025-03-07,Melbourne City,Macarthur FC,50992,K. Trewin,Melbourne City,Macarthur FC,CM,Midfield,Left Midfield,98.75,10920.176454665812,568.9058955433864,80.77792285883176,22.058949640890695,9952.5658827334,518.4965123939724,73.62038539032767
2006229,2025-03-07,Melbourne City,Macarthur FC,114464,G. Ferreyra,Melbourne City,Macarthur FC,CB,Central Defender,Right Center Back,98.75,8566.53098438415,337.3345225256121,46.54131460428769,20.892887951834215,7807.471276907073,307.44412179549454,42.417400652009036
2006229,2025-03-07,Melbourne City,Macarthur FC,11891,A. Behich,Melbourne City,Macarthur FC,FB,Full Back,Left Back,98.75,8674.032142133174,264.966060750135,151.10628586462275,21.542962258205403,7905.447015615044,241.48805536721164,137.7171212943397
2006229,2025-03-07,Melbourne City,Macarthur FC,7252,M. Leckie,Melbourne City,Macarthur FC,CM,Midfield,Right Midfield,86.13,8629.186964728295,442.7404307363489,152.51748035805082,23.372558459712817,9016.914278712951,462.6336789303541,159.37040789764976
2006229,2025-03-07,Melbourne City,Macarthur FC,159941,M. Tilio,Melbourne City,Macarthur FC,W,Wide Attacker,Right Winger,76.98,7086.3835985063015,486.957968759128,153.76518777601564,23.293271174900795,8284.937956164811,569.319526998201,179.77223824163949
2006229,2025-03-07,Melbourne City,Macarthur FC,26095,A. Kuen,Melbourne City,Macarthur FC,ST,Center Forward,Center Forward,76.98,7652.869172355289,306.0030229469263,100.93681339082939,21.96444862113675,8947.235977032684,357.7587953393526,118.00874519582547
2006229,2025-03-07,Melbourne City,Macarthur FC,963054,K. Rahmani,Melbourne City,Macarthur FC,W,Wide Attacker,Left Winger,64.12,6487.377581125494,342.48870153412344,70.77979049923488,22.481565896117463,9105.801345934098,480.7233801944963,99.34780325843946
2011166,2025-04-12,Wellington P FC,Melbourne V FC,11117,Z. Machach,Melbourne V FC,Wellington P FC,CM,Midfield,Attacking Midfield,98.82,8573.103057035232,575.3402303546995,114.96125105754464,22.632643149178215,7807.926281452854,523.9892808330598,104.70059294858348
2011166,2025-04-12,Wellington P FC,Melbourne V FC,957734,C. Piper,Wellington P FC,Melbourne V FC,CM,Midfield,Right Midfield,98.82,8496.851400714186,744.3770996000702,363.0820679262476,25.811977777299873,7738.480328519296,677.9390706740166,330.675835998404
2011166,2025-04-12,Wellington P FC,Melbourne V FC,51015,A. Rufer,Wellington P FC,Melbourne V FC,CM,Midfield,Defensive Midfield,98.82,8734.844715817277,631.5574661304169,149.39544566080988,23.691436169208625,7955.23198161865,575.1889491169553,136.0614259205919
2011166,2025-04-12,Wellington P FC,Melbourne V FC,29075,N. Vergos,Melbourne V FC,Wellington P FC,ST,Center Forward,Center Forward,83.12,6432.131964063745,431.27567545442434,196.9318653903547,24.304162638749503,6964.531722398183,466.97318083371255,213.23228928214533
2011166,2025-04-12,Wellington P FC,Melbourne V FC,50955,N. Velupillay,Melbourne V FC,Wellington P FC,W,Wide Attacker,Left Winger,98.82,8564.906644433742,620.7211154741241,486.40388673867506,26.138228594783733,7800.461424803045,565.3197772988381,442.99078937948553
2011166,2025-04-12,Wellington P FC,Melbourne V FC,698137,I. Hughes,Wellington P FC,Melbourne V FC,CB,Central Defender,Right Center Back,90.08,6577.403759389576,306.8633079583475,141.35511055194866,22.32035930753045,6571.562370615696,306.5907828180648,141.2295731535899
2011166,2025-04-12,Wellington P FC,Melbourne V FC,9175,Roderick Miranda,Melbourne V FC,Wellington P FC,CB,Central Defender,Right Center Back,68.05,5024.872137531795,278.5155106675174,61.44093553146267,22.611746229946732,6645.679535310235,368.35262248459316,81.25913589759942
2011166,2025-04-12,Wellington P FC,Melbourne V FC,23909,K. Barbarouses,Wellington P FC,Melbourne V FC,ST,Center Forward,Center Forward,98.82,7847.249130564618,700.4824873348657,437.5784750141683,26.384934352951145,7146.857131661765,637.9621924725553,398.5232012879493
2011166,2025-04-12,Wellington P FC,Melbourne V FC,51685,L. Jackson,Melbourne V FC,Wellington P FC,CB,Central Defender,Left Center Back,98.82,7137.297870594809,370.49952198245524,193.54902649186897,23.127589837282837,6500.271284694726,337.4312586361159,176.27415891791347
2011166,2025-04-12,Wellington P FC,Melbourne V FC,51017,T. Payne,Wellington P FC,Melbourne V FC,FB,Full Back,Right Back,98.82,8253.246589779637,749.512228210244,460.81770931652903,26.110300490246797,7516.618023478723,682.6158726869254,419.68825985111937
2011166,2025-04-12,Wellington P FC,Melbourne V FC,159688,J. Valadon,Melbourne V FC,Wellington P FC,CM,Midfield,Left Defensive Midfield,98.82,9029.725236190325,688.0877764153212,114.54769644155638,23.075962624105514,8223.793475583174,626.6737490121322,104.32394940032458
2011166,2025-04-12,Wellington P FC,Melbourne V FC,11885,D. Arzani,Melbourne V FC,Wellington P FC,W,Wide Attacker,Right Winger,68.05,5736.043958736495,445.12818900154406,258.3420513090026,25.78281359775881,7586.244765411971,588.7073770777217,341.6720737371085
2011166,2025-04-12,Wellington P FC,Melbourne V FC,50977,J. Rawlins,Melbourne V FC,Wellington P FC,FB,Full Back,Right Back,98.82,8183.990648495065,642.7137095730025,304.1098358795131,25.10887746890995,7453.543395714996,585.3494622704941,276.96706364254385
2011166,2025-04-12,Wellington P FC,Melbourne V FC,811820,K. Bos,Melbourne V FC,Wellington P FC,FB,Full Back,Left Back,98.82,8456.225122239935,832.9969009888277,119.07341123067684,23.481574190704034,7701.4800748997595,758.6492723031218,108.44572971828492
2011166,2025-04-12,Wellington P FC,Melbourne V FC,42510,S. Wootton,Wellington P FC,Melbourne V FC,CB,Central Defender,Left Center Back,98.82,7038.2230198473135,264.08987008531517,73.379629468417,20.91263980529184,6410.039180188811,240.51900736367503,66.83026363243808
2011166,2025-04-12,Wellington P FC,Melbourne V FC,51028,S. Sutton,Wellington P FC,Melbourne V FC,FB,Full Back,Left Back,98.82,8407.616007893763,790.2399098039984,475.3161299474777,26.745189881191756,7657.209478956069,719.7084788743156,432.89265022538956
2013725,2025-04-27,Western United,Sydney FC,795544,W. Kamijo,Sydney FC,Western United,CM,Midfield,Right Midfield,94.65,9909.67248514776,634.0702303598069,69.28126929151607,22.375393946443495,9422.826451804525,602.9193949538576,65.87759362109293
2013725,2025-04-27,Western United,Sydney FC,51644,R. Grant,Sydney FC,Western United,FB,Full Back,Right Wing Back,94.65,9275.877882439896,880.3958078713666,415.4040067457281,25.663485445492082,8820.169143365987,837.1433989268145,394.9958859705814
2013725,2025-04-27,Western United,Sydney FC,51000,J. Courtney-Perkins,Sydney FC,Western United,CB,Central Defender,Left Center Back,94.65,9469.42985042478,562.5104620107514,203.54074927852758,23.545362781129818,9004.212219104385,534.8752412146606,193.54112451207058
2013725,2025-04-27,Western United,Sydney FC,2858,Douglas Costa,Sydney FC,Western United,ST,Center Forward,Center Forward,94.65,8690.649593404089,430.48125301666585,111.18309331470562,22.26250327554256,8263.692164885028,409.33241174326383,105.72084942761231
2013725,2025-04-27,Western United,Sydney FC,133854,A. Segecic,Sydney FC,Western United,W,Wide Attacker,Left Winger,94.65,9743.77051043575,695.714091807813,443.56752703645043,25.73126210598332,9265.074970303407,661.534794112025,421.7757784815693
2013725,2025-04-27,Western United,Sydney FC,560894,A. Popovic,Sydney FC,Western United,CB,Central Defender,Right Center Back,94.65,9006.532071752503,519.6237856074247,188.20812136505876,23.108523612542978,8564.055852696516,494.09551721783646,178.96176358008756
2013725,2025-04-27,Western United,Sydney FC,51045,A. Cáceres,Sydney FC,Western United,CM,Midfield,Left Midfield,94.65,10682.715895109523,909.9418164572061,143.95951150477595,23.634516785416963,10157.891500896534,865.2378603396571,136.88701569392325
2013725,2025-04-27,Western United,Sydney FC,51048,J. King,Sydney FC,Western United,CB,Central Defender,Center Back,82.78,7443.29342317002,350.4587017999213,131.68815333055718,22.559901770631157,8092.4910375127065,381.02540664403136,143.17388016127262
2013725,2025-04-27,Western United,Sydney FC,18573,J. Lolley,Sydney FC,Western United,FB,Full Back,Left Wing Back,62.23,5863.297605930581,400.4917727323358,59.78191418531286,22.466795069880888,8479.781207355814,579.2103414094523,86.45946129966507
2013725,2025-04-27,Western United,Sydney FC,133853,J. Kucharski,Sydney FC,Western United,W,Wide Attacker,Right Winger,62.23,6342.908288105906,515.4824617610075,247.6517124275155,25.41151563012962,9173.41709673038,745.5153713400397,358.16574190063307
2013725,2025-04-27,Western United,Sydney FC,560916,N. Botić,Western United,Sydney FC,ST,Center Forward,Center Forward,94.65,9545.03209407891,722.4309138048441,289.271568691846,24.492385534149882,9076.100247935572,686.9390622550022,275.0601287085699
2013725,2025-04-27,Western United,Sydney FC,23883,J. Donachie,Western United,Sydney FC,CB,Central Defender,Right Center Back,94.65,8918.951860572713,366.98361697202404,205.97685284746365,22.95556361603636,8480.778314332216,348.9543109084222,195.8575462891889
2013725,2025-04-27,Western United,Sydney FC,957737,D. Leonard,Western United,Sydney FC,CB,Central Defender,Left Center Back,94.65,9091.924660177307,614.9098122791797,183.59434601133967,23.15730173938866,8645.253242640862,584.7002969374133,174.57465547829443
2013725,2025-04-27,Western United,Sydney FC,23922,B. Garuccio,Western United,Sydney FC,FB,Full Back,Left Back,94.65,9615.289706090392,800.815431610391,323.33765426489197,24.9372065161523,9142.906218152511,761.4726766501341,307.45260310449316
2013725,2025-04-27,Western United,Sydney FC,51675,A. Thurgate,Western United,Sydney FC,CM,Midfield,Left Midfield,94.65,10305.571290220072,652.6757154721602,170.0005481394279,23.359131726980806,9799.275394820987,620.6108229529257,161.64869870627058
2013725,2025-04-27,Western United,Sydney FC,26844,R. Danzaki,Western United,Sydney FC,W,Wide Attacker,Left Winger,87.82,8673.685733218952,706.7078687946952,241.70843593686595,24.198163793263237,8888.99699373384,724.2508334265837,247.7084859293776
2013725,2025-04-27,Western United,Sydney FC,51008,T. Imai,Western United,Sydney FC,FB,Full Back,Right Back,75.93,7295.969913772443,544.5425886978371,319.127415071517,25.56392277957428,8647.929569860658,645.4475567339041,378.26244378291227
2013725,2025-04-27,Western United,Sydney FC,560917,R. Bozinovski,Western United,Sydney FC,CM,Midfield,Right Midfield,75.93,8298.194381858455,484.4228609780799,195.45159205580907,23.63499599281358,9835.868488966955,574.1875080735833,231.66921223525372
2013725,2025-04-27,Western United,Sydney FC,795527,M. Grimaldi,Western United,Sydney FC,W,Wide Attacker,Right Winger,75.93,8399.166982754596,688.4876454784267,206.12612840489194,24.204105994586435,9955.551540206949,816.0659567108968,244.3217642096704
2013725,2025-04-27,Western United,Sydney FC,795529,M. Ruhs,Western United,Sydney FC,ST,Center Forward,Center Forward,71.22,7131.169667362169,506.9515698258183,287.6245928753524,25.433250090550093,9011.587616717146,640.629616460596,363.46831450128775
2015213,2025-05-03,Western United,Auckland FC,38673,G. May,Auckland FC,Western United,ST,Center Forward,Center Forward,99.83,9691.214015064039,694.7273584538307,147.47818211407122,23.284699998273574,8736.94542077295,626.3193655298484,132.95638976526504
2015213,2025-05-03,Western United,Auckland FC,795527,M. Grimaldi,Western United,Auckland FC,W,Wide Attacker,Left Winger,88.12,10446.290229154765,848.9187335740679,340.35293224107454,25.058152993084487,10669.157065636959,867.0300274814583,347.6142067827588
2015213,2025-05-03,Western United,Auckland FC,51008,T. Imai,Western United,Auckland FC,FB,Full Back,Right Back,99.83,9820.688802072249,618.2140656491152,200.56786257755985,22.844446529280486,8853.671162841856,557.3401373176438,180.81846771491925
2015213,2025-05-03,Western United,Auckland FC,795529,M. Ruhs,Western United,Auckland FC,ST,Center Forward,Center Forward,74.26,8092.0334569704855,488.02678101388483,282.14076055234955,24.448542091625306,9807.20456675658,591.4679543664104,341.94274777419145
2015213,2025-05-03,Western United,Auckland FC,14736,L. Verstraete,Auckland FC,Western United,CM,Midfield,Right Midfield,99.83,11822.105342247387,734.3502212133212,125.18378320404385,22.506557283410025,10658.013430855102,662.0406682279767,112.8572622294295
2015213,2025-05-03,Western United,Auckland FC,133501,L. Rogerson,Auckland FC,Western United,W,Wide Attacker,Right Winger,99.83,11378.26271209505,1043.0624020839543,359.40698418399944,25.00569152972679,10257.874828093303,940.3547649760181,324.017114860863
2015213,2025-05-03,Western United,Auckland FC,4322,H. Sakai,Auckland FC,Western United,FB,Full Back,Right Back,99.83,9785.597184900967,744.7284454016494,291.78626760730185,23.99676574982462,8822.034925784705,671.3969757202088,263.0548340644813
2015213,2025-05-03,Western United,Auckland FC,51667,D. Hall,Auckland FC,Western United,CB,Central Defender,Right Center Back,99.83,9122.52906551628,408.6416539309009,334.7157917069295,24.490122538098397,8224.25739653877,368.4037749552347,301.75719977585555
2015213,2025-05-03,Western United,Auckland FC,33697,N. Pijnaker,Auckland FC,Western United,CB,Central Defender,Left Center Back,83.5,8016.9018835934485,328.9055855969713,217.422007443171,23.288717432057876,8640.972090100724,354.50901441589724,234.347073890843
2015213,2025-05-03,Western United,Auckland FC,163972,M. Mata,Auckland FC,Western United,ST,Center Forward,Center Forward,72.25,7694.8105480797585,575.7347162377489,64.46102460627927,22.77133457591012,9585.2311325561,717.1781932373343,80.29747009778733
2015213,2025-05-03,Western United,Auckland FC,560916,N. Botić,Western United,Auckland FC,ST,Center Forward,Center Forward,99.83,10628.295693081252,838.4264587463879,333.4808960407576,24.60826488007238,9581.755107455803,755.8687898144336,300.64390106849834
2015213,2025-05-03,Western United,Auckland FC,23883,J. Donachie,Western United,Auckland FC,CB,Central Defender,Right Center Back,99.83,9658.329976418787,396.9551626428514,139.9314040147656,22.307530759958265,8707.29938773606,357.86802201599346,126.15272324280181
2015213,2025-05-03,Western United,Auckland FC,957737,D. Leonard,Western United,Auckland FC,CB,Central Defender,Left Center Back,99.83,9769.748835251796,539.0435598960389,117.61691754828244,22.55062803259555,8807.747121833734,485.965344992923,106.03548611985796
2015213,2025-05-03,Western United,Auckland FC,23922,B. Garuccio,Western United,Auckland FC,FB,Full Back,Left Back,99.83,10312.203136930146,712.5763241254747,303.32052315260916,24.317003466808178,9296.78736175211,642.4107900560225,273.4533415179287
2015213,2025-05-03,Western United,Auckland FC,51675,A. Thurgate,Western United,Auckland FC,CM,Midfield,Left Midfield,85.66,9937.603212165272,502.20483472977327,77.08597290296369,21.866940564472927,10441.09606694927,527.6492543273359,80.99156620670946
2015213,2025-05-03,Western United,Auckland FC,26844,R. Danzaki,Western United,Auckland FC,W,Wide Attacker,Right Winger,74.26,8029.20631994501,597.5666092108036,270.7833901971504,24.79407893933365,9731.060716335185,724.2256238751995,328.1780920784209
2017461,2025-05-17,Melbourne V FC,Auckland FC,50955,N. Velupillay,Melbourne V FC,Auckland FC,W,Wide Attacker,Left Winger,84.36,7268.140155674655,618.4138570136688,107.36690575444517,23.510116620740416,7754.061332512079,659.7587379235443,114.54506303817054
2017461,2025-05-17,Melbourne V FC,Auckland FC,23418,F. Gallegos,Auckland FC,Melbourne V FC,CM,Midfield,Left Midfield,80.82,8348.058307380674,559.2103419802339,172.82557411745844,23.939149273322684,9296.278738731264,622.7286659022651,192.45609589917424
2017461,2025-05-17,Melbourne V FC,Auckland FC,133498,F. De Vries,Auckland FC,Melbourne V FC,FB,Full Back,Left Back,80.82,7100.798644181186,479.8697430999713,273.3127557929438,25.24154083275444,7907.348156103772,534.3761059019726,304.35718907900207
2017461,2025-05-17,Melbourne V FC,Auckland FC,133501,L. Rogerson,Auckland FC,Melbourne V FC,W,Wide Attacker,Right Winger,76.06,7641.818118540342,863.1569262160929,150.52923338171863,23.96079557722044,9042.382732955966,1021.3531864245117,178.1176834650891
2017461,2025-05-17,Melbourne V FC,Auckland FC,582974,M. Francois,Auckland FC,Melbourne V FC,W,Wide Attacker,Left Winger,63.52,6413.879440827949,629.7989675737459,256.3614610910188,25.875622500443352,9087.675530140355,892.3474036781663,363.23254877505804
2017461,2025-05-17,Melbourne V FC,Auckland FC,624628,J. Randall,Auckland FC,Melbourne V FC,ST,Center Forward,Center Forward,63.52,6157.565324310474,571.1723064068892,320.2563319772681,26.33654392801051,8724.510062782472,809.2806608409953,453.7636945521745
2017461,2025-05-17,Melbourne V FC,Auckland FC,11117,Z. Machach,Melbourne V FC,Auckland FC,CM,Midfield,Attacking Midfield,84.36,7818.848594088149,495.8727421486168,218.00787590636384,24.173116838146626,8341.588116025765,529.0249738427633,232.5830824036599
2017461,2025-05-17,Melbourne V FC,Auckland FC,33697,N. Pijnaker,Auckland FC,Melbourne V FC,CB,Central Defender,Left Center Back,97.42,7767.468307895408,394.9421785556627,83.70743725155474,21.984286322969197,7175.858629753507,364.86138441808293,77.33185539560588
2017461,2025-05-17,Melbourne V FC,Auckland FC,14736,L. Verstraete,Auckland FC,Melbourne V FC,CM,Midfield,Right Midfield,97.42,10077.925493600704,495.96522583063347,15.430471490392346,21.52876697680423,9310.339708725758,458.1900053865429,14.255208726496726
2017461,2025-05-17,Melbourne V FC,Auckland FC,4322,H. Sakai,Auckland FC,Melbourne V FC,FB,Full Back,Right Back,97.42,8190.874431891102,460.736706822652,167.7598679730549,23.018932438905242,7567.016001541769,425.644668590009,154.9824278133334
2017461,2025-05-17,Melbourne V FC,Auckland FC,38673,G. May,Auckland FC,Melbourne V FC,ST,Center Forward,Center Forward,97.42,8951.228515660454,817.6294404925015,184.5620561691951,24.01049109948264,8269.457672032855,755.3546463182626,170.5048763624262
2017461,2025-05-17,Melbourne V FC,Auckland FC,51667,D. Hall,Auckland FC,Melbourne V FC,CB,Central Defender,Right Center Back,97.42,7476.603605192178,265.7021028253392,101.30430108921634,21.35757651778407,6907.147654150031,245.46488661753773,93.58845306948747
2017461,2025-05-17,Melbourne V FC,Auckland FC,157294,R. Teague,Melbourne V FC,Auckland FC,CM,Midfield,Right Defensive Midfield,97.42,8757.437661060721,562.0314605301959,179.09683900431608,23.70882525451102,8090.426909212327,519.2243014547078,165.45591778267755
2017461,2025-05-17,Melbourne V FC,Auckland FC,51685,L. Jackson,Melbourne V FC,Auckland FC,CB,Central Defender,Left Center Back,97.42,7719.419288061736,385.72329574971104,109.48787592477076,22.220330897049962,7131.469266326792,356.34465836043927,101.14872544887464
2017461,2025-05-17,Melbourne V FC,Auckland FC,811820,K. Bos,Melbourne V FC,Auckland FC,FB,Full Back,Left Back,97.42,8980.216258774879,683.3682460751464,95.77347048875887,22.400596795444425,8296.237561996912,631.3194636292668,88.47887850532024
2017461,2025-05-17,Melbourne V FC,Auckland FC,159688,J. Valadon,Melbourne V FC,Auckland FC,CM,Midfield,Left Defensive Midfield,97.42,9717.553795870206,681.0595485396424,113.5909065431762,23.112444249384684,8977.415742438088,629.1866081766353,104.93924850016278
2017461,2025-05-17,Melbourne V FC,Auckland FC,800322,J. Inserra,Melbourne V FC,Auckland FC,FB,Full Back,Right Back,97.42,9022.252874678932,723.8451502482903,407.24323364777365,26.193612495320878,8335.072456591088,668.7134420277779,376.2255289293741
2017461,2025-05-17,Melbourne V FC,Auckland FC,29075,N. Vergos,Melbourne V FC,Auckland FC,ST,Center Forward,Center Forward,70.23,5946.910067958418,353.2825611800369,127.24870730230639,23.607665532258313,7620.986844884773,452.7328848953912,163.06968043866686
2017461,2025-05-17,Melbourne V FC,Auckland FC,11885,D. Arzani,Melbourne V FC,Auckland FC,W,Wide Attacker,Right Winger,70.23,6218.100947884899,491.10370908684456,152.7991338921569,24.009039184844546,7968.5189421848345,629.351186356486,195.8126448852929
